order_id,1,2,3,4,5,6,7,8,9,10,11,12,13,14,15,16,17,18,19,20
99610,0,1,0,0,0,1,0,0,0,1,0,0,0,0,1,0,1,1,1,0
22456,1,0,1,1,1,1,1,1,1,1,0,0,1,1,1,0,1,0,0,0
63403,0,0,1,1,1,1,1,0,1,1,0,1,0,1,0,1,1,0,0,0
72905,0,0,0,0,0,1,1,0,1,1,1,1,0,1,0,1,1,1,0,1
76339,0,1,0,1,0,0,1,0,1,1,1,1,1,1,1,1,1,1,1,0
11966,0,1,1,1,1,1,1,1,1,0,1,0,1,1,0,1,0,1,1,0
98332,1,0,1,0,0,1,1,0,1,1,1,0,0,0,0,0,0,0,0,0
18341,1,0,1,1,1,0,0,0,0,1,0,0,0,0,0,1,0,1,0,1
90680,0,0,1,1,1,0,1,0,0,1,1,0,0,1,1,1,0,0,0,0
16606,0,0,1,0,0,0,1,0,0,1,0,0,0,0,0,1,1,1,0,0
33822,0,1,0,0,1,0,1,1,1,0,0,0,0,0,0,0,1,0,1,0
78966,0,0,1,1,1,1,0,1,0,0,1,1,1,1,1,1,1,1,0,1
65136,1,0,1,0,0,1,0,0,0,0,1,0,1,0,0,0,0,1,1,0
49375,0,1,0,0,0,1,1,1,0,0,1,1,1,1,0,1,0,1,0,1
70239,1,1,1,0,1,0,0,0,0,1,0,0,0,1,1,1,1,0,0,1
73325,0,0,0,1,1,0,1,1,1,1,1,0,1,0,0,1,0,0,0,1
39660,1,0,1,1,1,1,0,0,1,1,0,0,1,0,1,1,0,0,1,1
30475,0,1,0,1,0,0,0,1,1,0,1,0,0,1,1,0,1,1,0,0
57943,1,0,0,1,0,0,1,1,0,0,1,1,1,1,0,1,1,0,1,0
96435,1,1,1,0,0,1,0,0,0,0,0,0,1,1,0,1,1,1,1,0
92392,1,1,0,0,1,1,1,1,1,1,0,1,1,0,0,0,0,1,1,1
28093,1,1,1,0,1,0,0,1,0,1,0,1,0,1,1,1,1,1,0,0
44534,0,1,0,1,1,0,0,1,0,1,1,1,1,1,0,0,1,1,0,0
34954,1,0,1,0,1,0,1,0,0,1,0,1,0,1,0,1,0,1,0,1
20365,1,1,0,1,0,1,0,1,0,0,1,0,0,1,0,0,0,1,0,1
50550,0,0,0,1,0,0,1,0,1,1,0,1,0,1,1,0,1,1,1,1
21746,1,0,1,0,1,0,0,1,1,1,0,1,0,0,0,1,1,0,0,1
73096,0,1,0,1,0,1,0,1,1,0,0,1,0,1,0,1,1,1,1,1
36135,1,0,0,0,1,1,1,1,0,0,1,0,0,1,0,1,0,1,1,1
71241,1,0,1,1,1,0,1,0,1,0,0,1,0,1,1,1,0,0,1,1
82481,0,1,1,1,0,0,0,1,1,1,0,1,1,1,1,0,0,1,0,0
24664,1,1,0,1,0,1,0,1,0,0,0,1,0,0,1,1,0,0,1,1
23943,1,1,1,0,1,0,0,0,1,0,0,1,0,0,1,0,0,0,1,1
15711,1,0,0,1,0,0,1,1,0,0,0,1,1,1,1,0,1,1,1,1
60980,1,0,0,1,0,1,1,0,0,1,1,1,0,1,1,1,0,1,1,0
37753,1,1,0,1,0,0,1,1,1,1,0,1,0,1,1,1,0,1,1,1
14199,1,0,1,0,0,0,0,0,0,1,0,0,0,1,1,0,1,0,0,1
77898,0,1,1,0,0,1,0,0,0,1,1,0,1,1,1,1,1,0,0,0
82360,1,1,0,1,0,0,0,1,1,0,0,0,0,1,1,0,0,1,1,0
33561,0,0,1,1,1,0,0,1,1,0,1,1,0,1,0,0,0,0,0,0
34724,0,1,0,0,1,1,1,0,1,0,0,0,0,1,1,0,0,0,1,0
39261,0,1,1,0,1,1,0,1,0,1,0,0,0,1,0,1,0,0,1,0
19146,0,1,0,0,0,0,1,1,0,1,0,1,0,0,0,0,0,0,1,0
71712,1,0,1,1,1,0,0,1,0,1,0,1,1,0,1,0,1,1,0,0
36217,0,1,0,1,1,0,0,1,1,0,0,0,0,0,1,1,1,1,0,0
36969,0,1,1,0,0,1,1,0,0,1,0,0,0,1,1,1,1,1,1,1
50859,0,0,0,0,0,0,0,1,1,0,0,1,0,0,1,0,1,0,1,1
43480,1,0,1,0,0,0,0,1,1,0,0,1,0,1,0,0,1,0,1,0
34199,0,0,1,0,0,0,0,1,1,0,1,0,0,0,1,1,1,1,1,1
97038,1,1,1,0,1,1,1,1,1,1,1,1,1,1,1,0,0,1,1,0
24943,1,0,0,0,0,0,1,0,1,1,0,0,1,0,0,1,1,0,1,0
38112,0,0,1,1,1,1,1,0,0,0,0,1,0,1,0,1,1,0,0,0
97810,0,1,0,0,1,0,0,0,0,0,1,0,0,0,0,0,1,0,1,1
70756,0,0,0,0,1,0,0,0,0,0,0,1,1,0,0,0,1,0,1,0
71935,0,0,0,1,1,0,0,1,1,1,1,0,1,0,1,1,1,1,1,0
14645,0,1,1,0,1,1,0,1,1,0,0,0,1,0,0,0,0,0,0,1
21436,1,0,0,0,1,1,1,1,1,1,1,1,1,0,0,0,0,1,1,0
21863,1,0,1,0,1,1,0,1,0,0,0,0,1,1,1,0,1,0,1,1
74737,1,0,1,1,0,1,0,1,0,0,1,0,0,0,0,0,0,1,0,0
99303,1,1,1,1,1,1,1,0,0,1,0,0,0,1,1,0,1,0,0,0
57228,0,1,1,1,0,1,0,1,0,0,0,1,1,1,1,0,1,1,0,0
66380,0,1,0,0,0,1,0,1,1,0,0,1,0,0,1,1,0,1,0,0
47657,0,1,0,0,0,1,1,1,1,1,0,1,1,1,0,1,1,0,1,0
44516,0,0,0,0,1,0,0,1,0,1,1,1,0,0,0,1,0,0,0,1
31608,1,0,0,0,0,1,1,1,1,0,0,0,1,0,1,1,0,0,0,1
45858,0,1,0,1,1,0,1,1,0,1,0,1,0,0,1,1,1,1,1,0
81963,1,0,0,1,0,0,0,0,1,0,1,1,0,1,1,1,0,1,1,1
47558,0,1,0,0,0,0,0,0,1,0,1,1,0,1,1,1,1,0,1,0
64364,1,1,0,1,1,1,0,1,0,1,0,0,1,1,0,0,1,0,1,1
64287,1,1,0,1,0,1,0,1,0,0,1,1,1,1,0,1,0,0,1,0
95591,0,0,0,1,1,1,1,0,0,1,1,1,0,1,1,1,0,0,0,0
31396,0,0,0,0,1,1,0,0,1,0,0,0,1,1,1,1,1,0,1,0
86967,0,1,1,0,0,0,1,1,1,1,1,0,1,0,0,0,1,1,1,0
69364,0,0,0,0,0,1,1,1,1,0,0,1,0,1,1,1,0,1,1,1
79347,0,0,1,0,0,0,0,0,0,0,0,0,0,1,1,0,1,1,0,0
78102,0,1,1,0,0,0,1,1,1,1,0,0,0,0,1,1,0,0,1,0
71229,1,0,0,0,0,0,0,0,1,1,1,1,1,0,0,1,0,1,1,0
57099,0,0,1,0,1,1,1,0,0,1,0,0,0,1,1,0,1,0,0,0
14891,0,1,1,1,0,0,0,1,0,1,1,1,1,1,1,0,0,1,1,0
69375,1,1,0,1,1,1,0,0,0,1,1,0,1,1,1,1,1,0,1,0
21550,1,0,1,0,1,0,1,0,1,0,0,1,1,0,1,0,0,0,1,0
50417,0,1,1,1,1,0,0,0,0,1,0,0,1,0,0,0,0,0,0,1
58827,1,0,0,1,0,0,0,1,0,1,0,1,1,0,1,0,1,0,0,1
59583,0,0,1,0,0,1,1,0,0,1,1,0,1,0,0,0,0,0,1,1
42289,1,1,0,0,0,0,1,0,0,1,1,1,1,0,0,1,0,0,0,1
35400,0,1,0,0,0,1,0,1,1,1,0,0,0,0,1,1,1,0,1,0
95847,1,0,0,1,1,1,1,0,1,1,1,0,0,1,0,1,0,0,0,0
49461,1,1,1,0,1,1,1,0,0,0,1,1,1,0,0,1,0,0,0,0
92748,1,0,0,0,0,1,1,0,0,0,0,0,0,1,0,1,1,0,1,1
79555,1,1,1,1,0,1,1,1,0,1,0,1,0,0,1,1,0,1,0,0
91235,0,0,0,1,0,0,1,0,1,1,1,0,0,0,1,0,1,0,1,0
98437,0,0,1,1,0,0,1,1,1,0,1,0,1,0,1,1,1,1,1,0
41591,1,1,1,0,1,0,1,1,0,1,0,0,1,0,1,1,0,0,0,0
53384,1,1,0,1,1,1,1,0,0,1,0,0,0,1,1,1,0,1,1,0
14492,1,1,0,0,0,1,1,1,0,0,1,1,0,0,0,0,1,0,1,1
45736,1,0,0,0,0,1,0,0,1,0,1,1,1,1,1,1,1,1,0,0
32767,0,0,1,0,1,0,0,0,1,0,1,1,0,0,0,1,0,1,1,0
83811,0,1,1,1,0,1,0,1,1,0,1,0,0,1,0,0,1,0,0,0
91445,1,0,1,1,0,0,0,1,0,0,0,0,0,1,1,0,0,0,0,1
82563,0,1,1,0,1,1,1,1,0,0,1,0,0,0,0,0,1,0,0,0
14643,0,1,1,1,1,0,1,0,0,0,0,0,1,1,1,1,0,1,0,1
20238,0,0,1,0,0,1,0,1,1,1,0,0,0,1,0,1,1,0,1,0
56046,0,0,0,0,1,1,1,0,0,0,1,0,1,1,0,0,1,0,1,0
27635,0,1,0,1,0,1,1,0,1,0,0,0,1,1,0,0,1,0,0,1
52601,0,1,0,1,0,0,1,0,1,0,1,1,1,1,0,0,1,1,1,0
37607,0,0,0,1,1,1,0,0,0,1,1,0,1,0,0,1,0,1,0,1
99821,1,1,0,0,1,1,0,0,0,1,0,0,1,0,0,0,1,1,1,1
99035,1,1,1,0,0,1,0,0,1,0,0,0,0,0,1,1,1,0,1,0
15641,0,0,0,1,1,0,1,0,1,1,0,1,0,1,0,0,1,1,0,1
55408,1,0,0,1,0,0,0,1,1,0,1,0,1,0,0,1,0,1,1,0
98365,0,1,0,0,0,0,0,1,1,0,0,0,1,0,1,1,1,0,1,0
24085,1,0,1,0,1,0,0,0,0,1,1,0,1,0,0,1,0,0,1,0
68711,0,0,0,1,1,1,0,0,1,0,0,0,0,1,1,1,0,1,1,0
13233,0,1,1,1,1,0,1,1,0,1,0,0,0,1,1,0,1,1,0,0
20942,1,0,1,1,1,1,0,0,0,0,1,1,0,1,1,1,0,0,0,1
12913,0,0,0,0,0,0,1,1,0,0,1,1,0,0,0,0,1,0,0,0
72746,0,1,1,1,0,0,1,0,0,1,1,1,1,0,0,1,0,1,1,0
73338,1,0,0,0,0,1,0,1,1,1,1,0,0,1,1,0,1,0,1,0
40417,1,1,0,1,1,0,1,0,0,1,1,1,1,1,1,1,0,1,0,1
23393,1,0,1,1,0,1,1,1,0,1,1,1,1,0,0,1,1,0,0,1
76256,0,1,0,0,0,0,1,0,0,1,0,0,1,0,1,1,1,1,0,1
63652,0,0,0,0,0,0,0,0,0,0,1,1,1,0,1,1,1,0,0,0
50279,0,1,1,1,1,0,0,0,1,0,0,1,1,0,0,0,0,0,0,1
39366,1,1,0,1,0,0,1,0,0,1,1,1,0,1,1,0,1,1,1,0
64996,0,0,0,1,0,0,1,1,1,0,0,0,1,1,0,1,1,1,0,1
44938,1,0,0,1,1,0,0,1,1,1,1,0,1,1,0,1,0,1,1,0
29794,0,1,1,1,0,1,0,0,1,0,1,1,1,1,1,0,0,1,1,0
42051,0,0,0,1,1,0,1,0,1,0,1,0,0,1,0,1,1,0,1,1
62922,1,1,1,0,1,1,1,1,1,0,1,0,0,0,0,1,0,0,1,1
48984,1,0,1,1,0,1,1,1,1,0,1,1,0,1,0,1,0,0,0,0
73476,1,0,1,0,0,0,1,0,1,1,1,1,1,1,1,1,1,0,0,0
66891,0,0,1,1,1,1,1,1,1,0,0,0,0,1,1,1,0,1,1,1
61398,0,1,0,0,0,0,1,0,0,1,1,0,1,0,0,0,0,1,0,1
25463,1,1,1,0,1,0,1,1,0,0,0,1,1,0,0,0,0,1,0,0
38021,0,0,1,0,1,0,0,1,0,1,1,0,1,1,1,1,1,1,1,1
72795,0,0,1,0,1,1,0,1,1,1,1,0,1,1,1,0,1,0,0,1
70969,1,0,1,0,0,1,1,0,0,0,0,1,1,1,1,1,0,1,1,1
84203,1,1,0,0,0,1,0,0,1,1,1,0,0,1,1,0,0,1,1,0
43101,1,0,0,0,0,1,1,0,0,0,0,0,1,1,1,1,0,0,0,0
96294,0,1,0,1,1,1,1,0,1,1,1,0,0,0,1,1,0,1,0,0
38863,1,1,1,1,0,0,0,0,0,1,0,0,0,1,1,1,1,0,0,1
58060,1,0,0,1,1,1,1,0,0,0,1,1,0,0,0,0,1,0,0,0
36871,0,0,0,0,1,1,1,1,0,1,1,0,0,1,1,0,1,0,0,0
86096,0,1,0,0,1,0,1,1,1,0,1,1,0,1,1,1,1,1,0,1
94493,1,0,0,0,1,0,1,1,0,0,1,0,1,0,0,0,1,0,1,1
81021,1,1,0,1,1,0,1,0,1,0,1,0,1,1,0,0,0,0,1,1
95874,0,1,0,0,1,1,1,1,1,1,1,0,0,0,0,0,1,0,0,0
60265,0,0,0,0,1,1,0,1,1,1,1,0,1,1,1,0,0,0,0,0
45412,0,0,1,1,1,0,0,0,0,0,1,1,0,0,0,0,1,0,0,0
33313,0,1,0,0,1,1,1,0,0,1,1,1,1,1,1,0,0,0,1,1
11956,1,1,1,1,0,0,1,0,1,0,1,1,0,0,1,1,0,0,1,0
60793,1,1,1,1,0,0,0,0,0,0,0,1,0,0,1,0,0,1,0,0
22725,0,1,0,0,1,0,1,1,0,1,1,0,1,1,0,0,0,1,0,1
21930,1,1,1,1,1,1,0,0,1,1,0,1,0,0,0,1,1,0,0,0
26898,0,0,1,0,1,0,1,1,1,1,1,1,0,1,0,1,1,0,1,0
39459,0,0,0,1,1,0,1,1,0,1,0,0,1,1,1,0,0,1,1,1
57056,1,0,1,0,0,1,1,1,0,1,1,0,1,0,1,0,1,1,0,0
79282,1,0,0,0,0,1,1,0,0,0,0,1,1,0,0,0,1,0,1,0
46830,1,0,1,0,0,0,1,0,1,1,0,0,0,1,0,1,1,0,0,0
59053,0,0,0,1,1,1,0,1,1,1,1,1,0,0,1,1,1,0,0,1
72930,0,0,1,0,0,1,0,0,1,0,0,1,1,1,0,1,0,1,0,1
38046,1,1,1,0,1,1,0,1,0,1,1,1,0,1,1,1,0,0,1,0
17726,1,1,1,1,1,1,1,0,0,0,0,0,0,0,1,1,1,1,0,0
66665,1,1,0,1,1,1,1,0,1,1,0,0,1,0,1,1,0,1,1,1
99469,1,0,0,1,0,1,1,1,1,1,0,1,0,0,1,1,1,1,1,0
11738,1,1,0,0,1,0,1,0,0,1,0,0,0,0,0,0,1,1,0,1
84513,1,1,0,1,0,1,0,0,1,1,0,1,1,1,0,0,1,1,1,0
70318,0,1,1,1,1,1,1,0,1,0,1,1,0,0,0,0,1,0,1,0
64990,1,1,1,1,1,1,0,1,0,0,1,0,1,0,1,0,1,1,1,1
26269,0,1,0,0,0,1,0,0,0,1,1,0,1,1,0,0,1,0,1,1
50623,1,1,1,1,0,0,1,1,1,0,1,0,1,1,0,0,1,1,1,0
53486,0,0,0,0,0,1,1,0,1,1,0,1,0,0,1,0,0,0,0,0
44917,0,0,0,1,1,1,0,0,1,1,1,0,1,1,0,1,0,0,0,1
78090,1,0,1,1,1,1,0,1,0,0,1,0,1,1,0,0,0,0,1,1
61858,1,0,0,0,1,0,1,0,1,1,0,0,1,1,0,0,1,0,1,1
44144,0,0,0,0,0,1,1,0,0,0,1,0,0,1,1,0,0,0,1,0
94529,0,0,1,1,0,0,1,1,1,1,1,1,1,1,1,0,0,0,1,0
58915,1,1,0,1,0,0,0,1,0,1,0,0,0,1,1,1,0,0,1,1
41091,1,1,1,1,0,1,0,0,1,1,0,1,1,0,0,0,1,0,1,0
18774,0,0,1,1,0,0,0,1,0,1,0,0,0,0,0,0,1,0,1,0
57722,0,1,0,1,1,0,1,1,0,1,0,0,0,0,1,0,0,1,0,0
77328,1,1,1,1,1,1,1,0,1,1,1,0,0,1,1,1,0,0,1,0
23800,1,0,0,1,1,1,1,0,0,0,1,0,1,0,1,1,0,1,1,0
21796,1,1,1,0,0,1,0,1,1,1,1,1,0,1,0,0,1,1,0,0
49085,0,1,0,1,1,1,0,1,1,1,1,1,0,1,1,0,1,0,1,0
55324,0,1,1,1,0,0,0,1,0,0,1,0,0,1,0,1,1,1,1,1
89248,0,0,1,1,0,1,1,1,0,0,1,1,0,0,1,1,0,0,0,1
76902,0,1,0,0,0,0,1,1,0,1,0,0,0,0,1,0,0,1,0,0
25351,0,1,0,1,0,0,1,0,0,1,1,1,1,1,0,1,0,0,0,1
71469,1,0,1,1,1,1,0,0,1,0,1,1,0,0,0,1,0,1,0,0
32657,1,1,1,1,1,1,1,1,0,1,1,0,1,0,0,1,0,1,0,0
81299,0,1,1,0,0,1,1,0,0,1,1,1,1,1,0,1,0,1,0,1
51683,1,0,0,1,1,1,1,1,0,0,1,0,0,0,1,0,1,0,1,0
53616,1,1,0,1,1,1,1,1,1,1,1,0,0,1,1,0,0,0,1,0
33692,1,1,0,1,1,1,1,0,0,1,1,0,1,0,1,1,0,0,0,0
38665,1,0,1,0,0,1,0,0,0,0,1,1,0,0,0,1,1,1,1,0
10347,0,0,1,0,1,1,0,0,0,1,1,0,0,1,0,1,1,0,0,0
53804,0,1,1,1,0,1,0,0,0,0,0,0,1,0,1,1,0,0,0,1
52698,0,1,0,0,1,1,0,1,1,1,1,1,0,0,1,0,0,1,0,1
75245,1,0,1,1,1,1,1,0,0,1,1,0,1,0,1,1,1,1,1,1
73164,1,0,0,0,1,1,1,1,1,1,1,0,1,0,0,1,1,0,0,1
80724,1,0,1,1,1,0,0,0,1,1,0,0,0,1,0,0,1,1,1,0
36779,1,1,0,1,0,0,1,1,1,1,1,1,0,0,1,0,1,0,0,0
13242,1,0,1,0,0,0,0,0,1,1,0,0,0,0,1,0,1,0,1,0
27146,0,1,0,0,0,1,0,0,1,1,1,0,0,0,1,0,0,1,1,1
71482,1,1,0,1,0,0,1,1,1,0,1,1,1,1,1,0,0,0,1,1
65933,1,0,1,1,1,0,1,0,1,0,0,0,1,1,0,0,1,1,0,1
51637,1,1,1,0,1,1,0,0,1,1,1,1,0,0,0,1,1,1,1,0
46284,0,1,0,1,1,0,1,1,0,1,1,0,1,0,1,0,0,0,1,0
27436,0,0,0,0,1,1,1,1,1,1,1,0,1,0,0,1,0,0,0,0
97141,1,1,1,1,1,1,1,1,1,1,0,1,0,0,0,0,1,0,1,1
39551,0,1,0,0,1,1,0,1,1,1,0,0,1,1,1,1,1,0,1,0
68211,1,0,1,0,1,0,0,0,0,0,0,1,0,1,1,1,1,1,0,0
22950,0,1,0,0,0,0,0,1,0,1,1,1,1,1,0,0,0,1,0,0
99804,1,1,1,1,0,1,1,0,0,1,0,1,1,0,0,1,1,1,0,1
54168,1,1,1,1,0,1,1,1,1,0,0,0,1,1,0,0,0,1,1,0
71219,0,0,1,1,1,0,0,1,0,1,0,0,0,0,1,0,1,1,1,0
63118,1,1,1,0,0,1,0,1,1,0,1,0,0,1,0,0,1,1,0,0
86093,1,0,0,0,0,0,0,0,1,1,1,1,1,0,0,0,0,1,0,0
25644,1,0,0,1,0,0,0,0,0,1,1,1,1,1,1,0,1,1,0,0
18768,1,0,1,0,1,0,0,1,1,1,1,1,0,1,1,0,0,1,0,0
34585,1,0,0,1,1,0,0,1,0,0,0,1,0,0,1,0,0,1,1,1
12449,1,0,0,1,1,0,1,0,1,0,1,1,0,1,0,0,0,0,0,1
84091,1,0,1,0,1,1,1,1,0,0,1,1,0,1,0,0,0,1,0,1
42480,0,1,1,1,0,0,1,1,1,0,0,0,0,1,1,0,0,1,0,0
47998,0,0,0,0,1,0,0,1,1,1,0,1,0,0,0,1,1,1,1,1
56286,0,0,0,0,1,1,0,1,1,0,0,1,1,0,0,0,1,0,0,1
50714,1,1,1,1,0,0,1,1,1,1,1,0,0,0,0,1,0,1,1,1
54719,0,1,0,0,1,1,1,0,1,0,1,1,0,0,0,0,0,0,1,1
40405,0,1,0,1,1,0,0,0,1,0,1,0,1,1,0,1,1,0,1,0
24956,0,0,0,1,1,1,0,1,1,0,0,1,0,0,0,0,1,0,0,0
92329,0,0,0,0,0,1,0,1,0,0,0,0,1,0,0,1,1,0,1,1
84892,1,0,0,0,1,0,1,0,0,1,0,1,1,0,1,0,0,1,0,1
24904,0,0,0,0,0,1,1,1,1,1,1,0,0,1,1,0,0,0,1,1
59361,1,0,0,1,1,0,0,0,0,1,0,0,0,1,1,0,0,0,1,1
74431,1,0,1,0,0,0,1,0,1,1,0,0,1,0,1,0,1,1,1,1
66970,0,0,1,1,0,0,0,0,0,0,1,0,0,1,0,0,0,0,0,1
93783,0,1,1,0,1,0,1,1,0,0,0,0,0,1,1,1,1,1,1,1
66237,0,0,1,1,0,0,0,0,1,0,1,1,1,0,0,1,1,1,0,1
70828,0,1,1,1,0,0,1,0,1,0,0,0,1,0,0,1,1,1,1,0
73663,0,0,0,0,1,0,0,0,1,1,0,1,1,1,1,1,1,1,0,0
33011,1,0,0,1,0,1,1,1,0,0,0,0,1,1,0,1,1,0,1,0
28775,1,0,1,1,0,0,0,0,1,1,0,1,0,0,1,1,0,0,0,1
95167,1,1,1,0,0,0,0,0,0,1,1,0,0,1,1,1,1,0,0,0
55007,0,0,1,0,1,0,0,0,0,0,1,1,1,0,0,1,0,0,1,0
78389,1,0,1,0,0,1,0,0,1,0,1,0,0,0,0,1,0,1,0,0
26774,0,0,1,1,1,1,0,1,1,0,0,0,0,1,1,0,0,0,1,1
34735,0,0,1,0,0,1,0,1,0,0,1,1,0,1,0,0,1,0,0,1
34135,1,0,1,1,1,1,0,0,0,1,1,1,1,1,1,1,0,0,1,1
17652,1,0,0,1,1,0,0,0,0,1,0,0,1,0,0,0,1,0,1,1
81554,0,0,0,0,1,0,0,0,1,0,0,1,1,0,0,0,0,0,1,1
79727,0,0,1,0,0,0,0,0,1,0,0,0,1,1,1,1,0,1,0,0
26253,1,1,1,1,1,0,1,1,1,0,1,0,1,1,0,1,0,0,0,1
88629,1,1,0,1,0,1,0,0,0,1,0,0,0,0,0,0,1,1,0,1
61793,1,0,0,0,1,0,1,0,1,0,0,1,1,1,1,1,1,0,1,0
46893,0,1,0,1,1,0,0,1,1,0,0,0,0,1,1,1,1,0,0,1
67339,1,1,1,1,1,1,1,1,0,1,0,0,1,1,0,0,1,0,1,1
94344,1,0,0,1,0,0,0,0,0,0,0,1,0,0,0,0,0,0,0,0
45387,1,0,0,0,0,1,1,1,1,1,1,1,1,1,1,1,1,1,1,1
54603,1,0,1,0,1,1,0,1,0,0,0,1,1,1,0,0,1,1,1,1
62257,1,0,0,0,1,0,0,0,0,0,1,0,1,1,1,1,1,0,0,1
32919,1,1,0,1,0,1,0,1,0,1,0,0,0,0,0,0,0,1,1,1
99190,1,1,0,0,0,0,0,1,1,1,1,0,0,0,1,0,1,0,0,1
68181,0,0,1,0,1,0,0,0,0,0,0,0,0,1,1,0,0,1,0,0
16423,1,0,0,1,0,0,1,0,1,0,0,1,1,0,1,1,0,0,0,1
65212,1,1,1,0,1,0,1,0,0,0,1,0,0,1,0,1,1,0,0,1
50947,0,1,1,1,0,1,0,0,0,0,1,0,1,1,0,1,1,0,1,1
87541,1,1,0,1,1,1,1,0,1,0,1,0,0,0,0,0,1,1,1,0
86061,1,0,0,1,1,0,0,1,1,1,1,0,1,1,1,0,0,0,0,1
74884,0,1,1,1,1,0,0,0,1,1,1,1,1,0,1,0,1,1,0,0
20213,1,1,1,1,0,1,0,1,0,0,1,0,1,0,1,0,1,1,0,0
31907,0,0,1,0,1,0,1,1,1,1,0,0,1,0,0,1,0,0,0,1
25990,0,1,0,0,0,1,1,0,1,0,1,1,0,0,0,0,1,1,1,0
27713,0,1,0,1,1,1,1,1,0,0,0,1,1,1,1,0,0,1,1,1
92626,0,0,0,1,1,0,1,0,1,0,1,0,0,0,0,0,0,1,1,1
88834,0,0,1,0,0,0,0,0,1,1,1,1,1,0,0,0,0,1,1,1
43652,0,1,0,1,1,0,0,1,1,0,1,1,0,1,0,1,0,1,0,1
12946,0,1,1,1,1,1,1,1,1,1,0,0,1,0,1,1,0,1,1,0
68428,0,1,0,0,1,0,0,1,0,0,1,1,1,0,1,1,0,1,1,1
42056,1,0,1,1,0,1,0,0,0,1,0,0,0,1,1,1,1,1,1,1
16009,0,0,0,0,1,0,0,0,0,1,1,1,0,1,0,1,1,1,1,1
28600,0,1,0,0,0,0,0,1,1,1,1,0,1,1,0,0,1,1,0,1
61783,1,1,1,0,0,0,1,1,1,1,1,0,1,1,0,1,0,0,0,0
51797,0,1,0,0,1,1,0,1,1,0,0,1,0,0,1,0,0,0,0,0
61122,1,1,0,1,0,0,0,0,0,1,1,0,1,0,1,0,1,0,0,1
44430,1,0,1,0,1,1,0,1,1,0,1,0,0,0,0,0,1,0,0,1
14413,1,1,0,0,0,1,0,1,0,1,0,0,0,1,1,0,0,0,1,0
37123,0,0,0,1,1,0,0,1,1,0,1,1,0,1,1,0,0,1,0,1
39389,0,1,0,1,1,1,0,0,1,1,0,0,0,0,0,0,1,0,1,0
68879,0,1,1,0,1,1,1,1,0,1,0,0,0,0,1,1,0,0,0,0
46402,1,0,1,0,0,0,0,1,1,1,0,0,1,1,0,0,1,0,0,1
74697,0,1,0,1,0,1,1,1,1,0,0,1,0,0,0,0,0,1,1,1
61446,1,0,0,1,0,0,1,0,1,1,0,0,1,1,0,1,1,1,0,1
48375,0,1,0,1,0,0,0,1,1,1,0,1,0,1,0,0,0,1,1,1
37819,0,0,1,1,1,0,0,0,0,0,1,0,0,0,0,0,1,0,0,0
13580,1,1,1,0,1,0,0,1,0,0,0,1,0,0,1,0,0,1,0,0
47882,0,0,0,1,1,1,1,0,0,0,0,0,1,1,0,0,0,1,0,0
94265,0,1,0,1,1,1,1,1,1,0,0,0,1,0,1,1,1,0,1,1
40223,0,0,1,1,0,0,0,1,0,0,0,1,0,0,0,0,0,1,1,1
20930,0,1,1,1,0,0,1,1,0,0,1,0,1,0,1,1,0,1,1,1
28365,0,0,0,1,0,1,1,0,0,1,1,0,0,0,1,1,1,1,1,0
96026,0,1,1,0,0,0,0,1,0,1,0,0,0,1,1,0,1,1,0,0
12320,1,1,1,0,0,1,0,0,1,1,0,0,1,0,0,1,1,0,0,0
62242,1,0,0,1,1,0,1,1,0,1,1,0,1,0,0,1,1,1,0,1
36031,0,1,1,1,0,1,1,0,0,1,1,1,0,0,0,0,1,0,0,0
62439,1,1,0,0,1,1,1,1,1,1,1,1,0,0,0,0,0,0,1,1
48804,0,0,1,1,1,0,1,0,0,1,1,0,1,1,0,1,0,0,1,0
36985,0,1,1,1,0,0,1,0,1,1,0,1,0,0,1,0,1,0,0,0
50032,1,0,1,0,0,1,1,1,1,1,0,0,1,0,0,0,1,0,0,0
49296,1,0,0,1,1,0,0,1,1,1,1,1,1,1,0,1,1,0,1,1
47934,0,1,0,0,0,0,1,0,0,1,0,0,0,0,1,0,1,1,0,0
82299,0,0,1,1,1,0,1,0,0,0,0,0,1,1,0,1,0,0,0,1
19830,0,0,1,1,1,0,0,1,0,1,1,0,0,1,1,1,1,0,1,1
13319,1,0,0,1,0,0,0,1,1,0,1,1,0,0,1,0,1,1,0,1
66934,1,0,0,0,1,0,0,0,0,1,1,0,1,0,0,1,1,0,0,1
84089,0,1,0,0,1,1,1,1,1,1,1,0,0,0,1,1,1,0,1,1
10980,0,1,0,0,1,1,1,0,0,0,1,1,1,1,0,0,0,0,1,1
77578,1,0,0,1,1,0,1,0,0,0,1,1,0,1,0,0,0,0,1,0
71805,0,1,0,0,1,1,1,0,1,1,0,0,0,0,0,1,1,1,0,0
75407,0,1,1,0,1,0,1,1,1,0,1,1,0,1,0,0,0,0,0,1
75482,0,0,0,0,1,0,1,0,1,0,0,1,0,1,0,1,0,0,1,0
55418,0,0,0,0,0,1,1,1,0,1,0,0,0,0,1,0,1,0,1,1
35713,1,1,1,1,0,1,0,1,0,1,1,0,1,1,1,0,1,0,1,1
13803,0,1,1,0,1,0,0,0,1,0,0,1,0,1,1,1,1,0,0,0
37998,0,0,1,0,0,0,1,1,0,1,0,0,1,1,0,0,1,0,1,0
51535,1,0,0,1,0,0,1,0,0,0,1,1,1,0,0,0,0,1,0,0
40065,0,1,0,0,0,0,0,1,0,0,0,0,0,0,0,0,0,0,1,1
89974,1,1,0,1,1,0,1,1,0,0,0,1,1,0,0,1,0,1,0,0
48858,1,0,0,0,1,0,0,0,0,0,0,1,1,0,1,1,0,1,1,1
58833,1,1,1,1,1,0,0,1,1,0,1,1,0,0,0,1,1,0,0,1
84184,0,1,1,0,0,1,0,0,0,0,1,1,1,1,0,0,1,1,0,1
41029,1,0,1,0,0,1,0,1,0,1,1,1,0,0,1,0,1,1,0,1
22396,0,1,0,1,1,0,1,1,0,1,0,1,0,1,1,1,0,0,0,0
65865,1,1,0,0,0,1,0,0,1,1,0,1,0,1,0,0,0,0,1,1
94634,1,1,0,0,1,1,1,1,1,0,0,0,1,1,1,1,0,0,1,0
86582,0,1,1,1,1,1,1,0,0,1,0,1,1,1,1,0,1,0,1,1
73045,1,0,1,1,1,0,0,0,1,0,1,0,0,1,0,1,1,0,1,1
52210,0,0,1,0,1,1,0,0,0,0,1,1,0,0,1,1,1,1,0,1
77570,1,0,1,1,0,0,0,1,1,0,0,1,0,0,0,1,1,1,1,1
26424,1,0,1,1,0,1,1,0,0,0,1,0,1,1,1,1,0,0,1,0
27575,1,1,1,0,1,1,0,0,0,0,1,0,1,0,0,0,0,0,0,1
97509,0,0,0,0,1,0,0,0,0,1,0,1,0,1,1,0,0,1,1,0
97049,1,1,1,0,1,1,1,0,0,1,0,1,0,0,1,0,0,0,1,0
45077,0,1,0,0,0,0,0,1,1,0,0,0,1,1,0,0,1,0,1,1
80869,0,1,0,0,0,0,0,0,1,1,1,1,0,1,1,1,0,1,0,1
57613,0,0,1,0,0,1,1,1,0,0,0,1,0,0,0,0,0,0,0,1
74267,1,1,0,0,1,0,1,0,0,1,1,1,1,1,0,0,0,1,1,1
63628,1,1,1,0,0,0,0,0,1,1,1,1,1,1,0,1,1,1,1,0
52792,0,1,0,0,1,1,1,1,1,0,1,1,1,0,1,1,1,0,1,1
43753,1,0,1,1,1,0,1,1,1,0,0,1,0,0,0,1,1,0,0,0
30985,1,1,0,0,0,0,1,0,1,0,0,0,0,0,1,0,0,0,1,1
68993,1,1,0,0,0,1,0,0,1,1,1,0,0,1,0,1,1,0,1,1
14881,1,0,1,1,1,1,1,1,1,0,0,1,0,0,1,0,1,1,1,1
42011,1,0,1,0,1,1,1,0,1,1,1,1,0,1,0,1,0,0,1,1
24041,0,1,1,1,0,1,1,1,0,1,0,1,0,1,1,0,0,0,1,1
99092,1,1,0,1,1,1,1,1,1,1,0,1,1,1,1,0,0,0,0,0
78903,0,1,0,0,1,0,1,1,0,1,0,0,1,1,0,1,1,0,0,1
25697,0,0,0,0,0,0,0,1,0,1,1,1,0,0,1,0,1,0,0,1
15047,1,1,0,1,0,0,0,1,1,1,0,0,1,0,0,1,1,1,0,0
25969,0,0,0,1,0,0,0,1,1,1,0,1,1,1,0,1,0,0,1,0
67898,1,0,1,1,1,0,1,0,1,0,0,1,1,1,1,1,0,1,1,0
19666,1,1,0,1,1,1,0,1,0,1,0,1,0,0,0,0,0,0,1,1
52052,0,0,0,0,1,0,1,1,0,0,1,1,0,0,0,1,1,0,1,1
24726,0,0,1,1,0,0,0,0,0,1,1,1,1,0,0,0,1,1,1,0
31583,1,0,0,0,0,0,0,1,0,0,1,0,1,1,1,0,0,1,0,0
80322,1,1,0,1,1,1,0,0,0,1,0,1,0,0,1,0,1,0,0,1
49987,1,1,0,0,0,1,1,1,0,0,1,0,1,0,0,1,0,0,1,1
32271,0,1,0,1,0,0,1,0,0,1,1,0,1,1,0,0,1,1,1,0
39133,0,0,0,0,0,0,1,1,0,0,0,1,0,1,1,1,1,1,0,0
32811,1,0,1,1,0,0,0,0,0,1,0,0,0,1,0,1,0,0,1,0
89828,0,1,0,1,1,1,1,1,0,0,0,1,1,1,1,0,0,1,1,0
73611,1,1,1,0,0,1,0,1,1,0,1,1,0,1,1,1,0,1,0,1
88646,1,1,1,0,0,1,1,1,1,1,1,1,1,0,0,0,1,1,1,0
83430,1,0,1,0,0,0,1,0,1,1,1,1,1,0,1,1,1,1,1,0
72310,0,1,0,0,1,0,1,0,0,0,1,0,0,1,1,0,1,0,0,1
62407,1,1,0,1,0,1,0,1,0,1,0,1,1,0,1,0,0,1,0,1
13094,1,0,1,0,0,1,1,0,0,1,1,1,1,0,1,0,0,1,0,1
50871,0,1,0,0,1,1,0,0,1,0,1,0,1,0,1,1,0,1,0,1
22621,1,1,0,1,0,1,0,0,0,1,0,1,0,0,0,0,1,0,0,1
40520,0,0,0,0,1,1,0,1,1,0,1,0,1,1,1,0,1,0,0,1
23804,0,1,0,0,1,1,1,1,0,0,0,1,0,1,0,1,0,0,1,0
42644,1,0,0,1,1,0,0,0,0,0,0,1,1,1,0,0,0,1,1,0
49156,0,1,1,1,0,0,0,1,1,0,0,1,0,1,1,0,1,0,1,1
48476,0,1,0,0,1,0,0,0,0,0,0,1,0,1,1,0,1,1,0,0
61124,0,1,1,0,0,1,1,1,1,0,1,1,1,1,0,0,1,1,0,0
66602,1,1,0,0,0,0,0,0,1,0,0,0,0,1,1,0,1,1,1,1
33969,1,1,0,0,0,0,0,1,0,0,1,1,0,1,1,1,1,0,1,0
53072,0,1,1,1,0,1,1,1,1,1,0,1,1,1,0,1,0,0,1,1
38169,1,0,0,0,0,0,0,1,1,0,1,1,0,0,1,0,0,1,0,1
81717,1,1,1,1,0,0,0,0,1,1,0,1,0,0,0,1,1,1,1,0
76131,1,1,1,0,0,1,1,1,1,0,1,1,1,0,0,1,1,1,1,1
72816,0,0,0,1,0,0,0,1,1,0,1,0,0,0,0,1,1,1,1,0
65017,1,0,1,1,1,0,0,0,0,1,0,0,1,1,0,1,0,1,0,0
27282,0,0,0,1,0,0,0,0,0,1,1,0,1,0,1,1,0,1,1,0
32536,0,1,1,1,0,1,1,1,0,0,0,0,1,0,1,1,1,1,0,0
67657,0,0,0,1,0,0,0,0,1,1,1,1,1,0,1,1,1,0,0,1
12188,0,0,1,0,0,0,1,1,1,0,1,0,0,0,1,1,1,1,0,1
88167,0,1,1,1,0,0,0,0,0,1,0,0,0,0,1,0,1,1,1,0
93546,1,0,0,0,0,0,1,1,0,1,0,1,1,1,1,1,0,0,1,0
19273,1,0,1,1,1,0,0,1,1,0,0,0,0,0,1,0,1,1,0,0
83673,1,0,1,0,0,0,1,0,1,0,1,0,1,1,1,1,1,1,0,1
76885,1,1,0,0,0,1,0,0,1,1,0,1,1,1,1,0,1,0,0,0
62210,0,1,1,1,0,0,0,1,0,1,1,1,1,0,1,0,1,0,0,1
24660,1,1,0,1,1,0,1,0,1,0,0,1,0,1,1,0,1,0,0,0
20955,0,0,0,0,0,1,1,0,1,1,1,1,1,1,0,1,1,1,1,0
88191,0,0,0,1,0,0,0,0,1,0,1,0,1,1,0,0,0,0,1,1
34387,0,0,1,0,1,0,1,1,1,1,1,0,1,0,1,1,0,0,0,0
85585,1,0,1,0,0,1,1,0,1,1,1,1,1,1,1,1,0,1,0,1
53912,1,1,1,0,0,1,0,1,1,0,0,1,1,0,1,0,1,1,0,0
70779,0,1,1,1,1,0,1,1,1,0,1,1,0,1,1,0,1,1,1,0
19120,1,1,0,0,1,1,1,1,0,1,0,0,1,1,0,0,1,0,1,1
43838,0,0,1,0,1,1,1,0,1,1,1,1,1,1,1,1,1,1,1,0
48730,1,1,1,0,1,0,1,1,0,1,0,0,1,1,1,1,0,0,1,0
49439,0,1,0,0,1,0,1,0,1,0,0,1,1,1,1,0,0,0,1,0
29313,0,1,1,0,1,0,0,1,0,1,1,0,0,0,1,0,1,1,0,1
33325,0,0,0,0,0,0,0,1,0,1,1,1,0,1,1,0,0,1,0,0
98957,0,0,1,0,0,0,1,1,0,0,1,0,0,1,0,0,1,1,0,1
91394,0,0,0,1,1,0,0,1,1,1,0,1,1,0,0,0,1,0,0,0
82823,0,1,0,1,1,1,0,1,0,0,0,1,0,0,0,1,1,1,0,1
58986,0,0,1,0,1,0,1,0,0,0,0,0,1,0,1,1,1,0,0,0
28864,1,0,0,1,1,1,1,1,1,0,1,0,0,0,1,0,1,1,0,1
80613,0,0,1,0,0,0,1,0,1,1,0,0,1,1,0,0,1,1,1,1
27268,1,0,1,1,0,0,1,1,0,1,1,0,1,0,0,0,0,1,0,1
58218,1,1,1,1,0,0,0,0,1,0,1,1,0,0,0,0,1,1,0,1
46883,1,1,0,1,0,0,1,1,0,1,1,0,0,0,0,1,1,0,0,0
28702,1,0,1,0,0,0,1,1,1,0,1,1,0,0,1,1,1,1,0,0
67957,0,1,1,0,0,1,1,0,0,0,1,1,1,1,1,1,0,0,1,0
44923,1,0,1,0,0,1,1,0,0,1,0,1,1,0,1,0,0,1,0,1
73916,1,1,0,1,0,1,1,1,0,0,1,1,0,0,0,1,0,1,0,1
53340,1,1,0,0,0,1,1,0,1,1,1,0,1,0,0,0,0,0,1,0
32758,0,0,1,1,1,1,0,0,1,1,1,1,0,1,1,1,1,1,1,1
79587,0,0,0,0,0,0,1,1,0,1,0,1,1,1,1,1,1,0,0,1
83987,0,1,0,1,0,1,0,1,0,1,1,1,0,0,0,1,0,1,0,0
67044,0,0,1,0,0,1,1,0,0,1,1,1,0,0,0,1,1,1,0,1
58612,0,1,0,0,1,0,1,0,1,1,0,1,0,1,1,1,1,0,1,1
27605,0,0,0,0,0,0,1,0,1,0,1,1,1,0,0,0,0,1,0,1
68381,1,0,0,0,1,0,1,0,1,0,0,1,0,0,0,0,0,0,0,1
26446,1,0,0,0,1,1,0,1,0,0,0,0,1,1,0,1,1,0,1,0
80903,0,0,0,1,0,1,0,0,1,0,1,1,0,0,0,0,0,0,1,1
48900,0,1,1,0,0,1,0,1,0,1,1,1,1,0,0,1,1,0,0,1
18557,1,1,1,1,0,1,0,0,0,1,0,0,0,0,1,1,0,0,1,1
77196,1,0,1,0,0,1,0,1,0,1,0,0,1,1,1,1,0,1,1,0
53914,1,1,0,1,1,1,1,1,1,0,1,0,0,0,0,1,1,1,0,1
13270,1,1,0,0,1,0,0,1,0,0,1,0,0,0,0,0,0,0,0,1
77859,1,1,1,0,1,1,0,0,0,0,0,1,0,1,1,0,1,1,0,1
44788,1,1,0,0,0,1,0,1,0,1,0,0,1,0,1,0,0,1,1,1
75899,0,1,0,1,1,1,1,1,1,0,1,0,1,1,1,0,0,1,0,1
66568,1,0,0,0,0,1,0,0,1,0,0,0,0,1,1,0,0,1,0,0
90315,0,0,0,0,0,0,0,1,1,1,0,0,1,0,1,0,1,1,1,0
69359,1,0,0,0,0,0,0,0,1,1,1,0,0,0,0,1,0,1,0,1
67931,0,1,0,1,0,1,1,0,1,0,0,0,1,1,0,0,1,1,1,0
47130,0,0,0,0,1,0,1,1,0,1,0,1,0,0,1,0,1,0,0,0
61909,1,1,0,1,0,1,1,0,0,0,0,0,1,1,0,0,0,1,0,0
47587,1,1,1,1,0,1,1,0,0,0,1,0,1,1,1,0,1,0,0,0
77210,1,1,1,0,1,1,1,1,1,0,0,0,0,1,0,1,0,0,0,1
73306,1,0,1,0,0,0,1,0,0,0,1,0,1,0,1,0,0,1,1,0
59587,1,0,0,0,1,0,1,0,1,1,0,1,0,0,0,0,0,1,0,1
12212,1,0,1,0,1,1,1,0,1,0,1,1,1,1,0,0,1,1,0,0
62863,0,0,1,1,0,0,0,0,0,0,1,1,1,0,0,0,1,0,0,1
14293,0,1,1,0,1,0,1,0,1,0,1,1,1,0,0,1,0,1,0,1
82658,0,1,1,1,1,0,1,0,0,1,0,0,0,1,0,0,1,1,0,1
17751,0,0,0,1,0,1,1,0,1,1,1,1,1,0,1,0,0,0,0,0
33388,0,1,1,1,0,1,1,1,0,1,0,1,0,0,0,1,1,0,1,0
81556,0,1,1,1,0,0,1,0,1,0,1,1,0,1,1,0,1,0,1,0
78087,1,1,1,1,0,0,0,0,0,0,0,1,1,1,1,0,0,0,1,0
67390,1,0,0,0,0,1,1,0,1,0,0,0,0,1,0,0,1,0,1,0
89769,0,0,0,0,0,1,0,1,1,0,1,0,1,0,1,1,0,1,0,0
84546,0,0,0,1,1,1,0,1,1,1,1,1,0,0,1,0,0,1,1,0
33127,1,0,0,1,0,0,0,1,1,1,1,0,1,1,1,1,0,0,0,1
45528,1,0,1,1,0,0,1,1,1,0,0,0,0,1,0,0,1,1,1,0
43812,1,1,0,0,1,0,1,1,0,1,0,0,0,1,0,0,1,1,1,1
53198,0,0,0,1,1,0,1,1,0,0,1,1,1,0,0,0,0,0,1,1
21668,1,0,0,0,1,0,0,1,0,1,0,0,1,1,1,1,1,1,0,0
21407,1,0,1,0,1,0,0,0,0,0,1,1,1,0,1,0,0,0,1,0
47731,1,1,0,0,1,1,1,1,1,1,0,1,1,1,1,0,0,1,1,1
86316,0,0,0,0,0,0,1,0,0,1,0,1,0,1,1,1,1,1,0,0
27415,1,1,1,0,1,1,1,1,0,1,1,0,1,1,0,0,0,1,1,0
79152,0,0,1,1,0,1,0,1,1,1,1,0,1,1,0,1,0,0,1,1
70651,0,0,0,1,0,0,0,1,0,1,1,0,1,0,1,1,0,0,0,1
97885,1,0,0,1,1,1,0,1,0,1,1,0,0,0,1,1,1,0,1,0
14731,0,0,1,1,0,1,0,0,1,0,0,1,0,0,0,0,0,0,0,1
75945,1,0,0,1,1,1,1,1,0,1,1,1,0,0,0,0,0,0,1,0
21791,0,1,0,1,1,0,1,1,1,1,0,1,0,1,1,1,0,0,0,1
56747,1,1,1,0,1,0,1,0,0,1,1,0,1,1,0,0,0,0,1,0
37790,0,0,1,0,1,0,0,1,0,0,1,0,0,0,0,1,0,1,0,1
87159,0,1,0,1,1,0,1,0,0,0,0,0,1,0,0,0,0,0,0,1
74138,1,0,1,0,0,0,0,0,1,1,1,1,0,1,0,1,1,1,1,0
81119,1,1,0,0,1,0,0,0,1,0,1,1,1,1,0,1,0,1,0,1
54567,0,1,1,0,1,1,1,0,1,1,0,0,0,0,0,1,1,1,0,1
99620,0,0,1,0,0,1,0,0,1,0,0,1,1,1,1,0,0,1,0,0
36565,1,1,0,1,1,1,0,1,0,0,0,1,1,1,1,1,0,0,0,1
80877,0,0,1,1,0,0,1,1,1,1,0,0,1,0,0,1,0,0,0,1
13016,1,0,1,1,1,0,0,1,0,0,0,0,0,1,0,0,0,1,1,1
75995,0,1,1,1,1,0,1,1,0,0,1,0,1,0,0,1,0,1,0,1
63350,0,0,0,0,0,1,0,1,1,1,0,1,0,1,1,1,1,1,0,1
97948,1,0,0,0,1,1,1,1,1,1,0,0,1,1,1,1,1,0,0,1
85014,0,1,1,1,0,0,1,0,0,1,0,0,1,1,0,1,0,1,1,1
33680,1,0,1,1,1,0,0,1,1,1,1,1,1,0,1,1,1,1,1,1
37367,0,0,0,0,0,0,1,1,1,1,1,1,0,1,0,0,1,1,1,1
15473,1,1,1,0,1,1,0,1,1,0,1,1,1,1,1,1,0,1,1,0
57835,0,1,0,1,1,0,1,1,0,0,0,0,1,0,0,0,0,0,1,0
59448,1,0,0,0,0,0,0,0,0,1,0,1,0,1,0,0,0,1,1,1
26329,1,0,0,0,1,0,1,1,1,1,1,0,1,1,0,1,1,0,0,0
88809,1,0,0,0,1,0,1,1,0,1,1,0,1,0,1,1,0,0,1,1
82380,0,1,1,1,1,0,0,0,0,0,0,1,0,1,1,1,0,1,0,1
30209,1,0,1,1,1,1,0,1,1,0,1,1,1,1,0,1,0,1,1,1
13241,0,1,1,0,0,0,0,1,1,1,1,0,1,1,1,1,0,1,1,1
47509,0,0,1,1,1,0,1,1,1,0,1,1,0,0,1,0,1,0,0,1
62301,1,1,0,1,1,1,1,1,0,1,1,0,1,1,1,1,1,0,0,0
71663,1,0,1,1,1,0,0,0,1,0,1,0,0,1,1,0,0,0,1,1
77805,0,0,1,0,1,1,1,1,1,1,0,1,1,0,1,0,1,0,0,1
69558,1,1,1,0,0,0,1,0,1,1,0,1,0,1,0,1,0,0,1,1
38727,0,1,1,1,0,0,1,1,0,1,0,1,1,1,0,0,0,0,1,1
60456,0,1,1,0,1,1,0,1,1,1,0,0,1,1,1,0,0,0,1,1
43296,1,1,1,0,1,1,1,0,1,0,0,0,0,0,1,1,0,0,0,1
30014,1,0,1,1,0,0,1,1,1,0,0,0,1,1,0,1,0,1,0,1
53735,1,0,0,0,0,0,1,0,0,0,0,0,1,0,0,0,1,1,0,0
27891,1,1,1,0,0,1,0,1,1,1,0,1,1,0,1,0,1,0,1,1
57108,1,1,1,0,0,1,1,1,0,0,1,0,1,1,1,0,1,1,1,0
67271,0,0,1,0,1,0,1,0,1,0,0,0,1,0,0,0,0,1,0,1
89013,1,1,1,0,1,1,1,1,0,0,1,1,1,0,0,0,0,0,1,0
40234,0,1,0,0,0,1,0,1,1,0,0,0,0,1,0,1,1,1,1,1
48326,0,1,1,0,0,1,1,0,1,0,0,1,0,1,1,1,0,1,0,1
99179,1,0,1,1,0,0,0,1,0,0,1,0,1,1,0,1,0,0,0,0
37443,1,1,0,0,1,0,1,0,1,1,1,0,0,0,0,0,1,1,1,1
48801,1,1,1,0,1,0,1,1,0,1,0,1,0,1,0,0,1,1,0,1
72500,0,1,0,1,0,1,0,0,1,1,0,0,0,0,1,0,0,0,1,0
19181,1,1,1,1,1,1,1,0,0,1,0,0,1,0,1,0,1,1,0,0
52034,1,1,1,0,0,0,0,1,1,1,1,0,1,1,0,0,1,0,1,0
26117,0,1,0,1,0,0,0,0,0,1,0,1,0,1,0,1,1,0,0,0
36750,1,1,0,0,1,1,0,1,0,0,0,1,1,1,1,0,1,0,0,0
78411,1,0,0,1,0,1,1,1,0,1,1,1,1,0,1,0,1,0,1,0
50145,1,0,0,0,1,0,0,0,0,1,0,0,0,1,0,0,0,0,1,0
74371,0,1,1,1,0,1,0,1,0,1,0,1,0,0,0,0,0,0,0,0
79159,1,0,0,1,0,1,0,1,1,0,1,0,0,0,0,1,0,1,1,0
70391,0,0,0,1,0,1,0,0,0,0,1,1,0,1,1,0,0,1,1,1
88269,1,0,0,1,0,1,1,0,1,1,0,0,1,1,0,1,1,0,0,0
97515,0,0,0,1,1,0,0,1,1,1,0,0,1,0,0,0,1,1,0,0
80291,0,0,0,1,0,0,0,1,1,0,1,1,1,1,1,1,0,1,1,0
73420,0,0,0,1,1,1,1,0,1,1,0,1,1,1,1,0,0,0,0,0
97659,1,1,0,0,0,1,0,1,1,1,1,0,1,1,0,1,1,1,0,1
57446,1,0,0,1,1,0,1,0,1,0,1,0,0,0,0,0,1,1,0,1
17363,1,1,1,1,1,0,1,1,1,0,1,1,1,0,1,0,1,0,0,0
47789,1,0,0,0,0,1,1,1,1,0,1,0,1,1,1,0,1,1,1,0
80460,1,1,0,0,1,1,1,0,0,0,1,0,1,0,0,0,1,1,1,1
27471,0,1,0,1,1,0,0,1,1,0,0,0,0,0,1,1,1,1,0,0
31700,0,1,0,0,1,1,1,0,0,1,1,0,1,0,1,1,1,0,0,1
24195,0,1,1,0,0,0,0,1,0,0,1,1,1,1,0,0,1,1,0,0
79130,0,0,0,1,1,1,1,0,1,0,0,0,0,0,0,0,1,0,1,1
21758,0,0,1,1,1,1,0,0,0,1,0,1,0,1,0,0,1,1,1,1
74269,1,0,1,0,0,0,0,0,1,1,0,0,1,1,0,1,1,1,0,1
76581,0,0,0,0,0,1,0,0,0,1,1,1,1,1,1,1,0,0,1,0
11866,0,1,0,0,1,0,1,1,0,0,0,1,1,1,0,0,1,0,0,1
71563,1,0,1,0,1,1,1,0,0,1,1,1,0,1,1,1,1,0,0,1
15707,0,0,0,1,0,0,0,1,1,0,0,1,1,0,0,1,1,0,1,0
25774,0,0,1,0,0,1,1,0,0,1,1,1,0,0,0,1,0,1,0,1
74653,0,0,1,1,0,1,1,0,1,0,0,1,1,0,0,0,0,0,0,1
24049,1,1,0,1,0,0,1,0,0,0,0,0,0,1,0,0,0,0,1,1
53295,0,0,0,1,1,1,1,0,1,1,0,0,1,1,1,1,0,0,1,1
32212,1,1,1,0,0,0,1,1,0,0,1,0,1,1,0,0,0,1,1,0
92091,1,1,1,0,1,0,0,1,0,1,0,0,1,0,0,0,1,1,0,0
66101,0,1,1,0,1,1,1,1,0,1,1,0,0,1,1,0,0,0,1,1
21854,0,1,0,1,0,0,1,1,1,1,1,1,0,1,0,0,1,0,0,1
98674,1,1,0,1,1,1,1,0,1,0,1,0,0,0,1,0,1,1,1,1
26461,1,0,1,0,0,0,0,0,0,0,1,0,1,0,0,0,0,1,1,1
83538,0,0,0,1,0,1,1,0,0,1,1,1,0,0,0,0,0,0,1,1
15671,1,0,1,0,0,1,0,1,1,0,1,1,1,1,0,1,1,1,0,1
32309,0,1,1,1,0,0,0,0,0,0,1,0,1,0,0,0,1,0,0,1
93237,1,1,1,0,1,0,0,1,0,1,0,1,1,1,1,1,1,0,0,0
10784,1,0,1,0,0,1,0,0,0,1,0,1,0,0,0,0,1,0,1,1
68135,0,0,1,1,0,0,0,0,0,1,0,0,1,0,0,1,0,1,0,0
88726,0,1,1,1,1,0,1,1,1,0,0,1,1,0,1,1,1,1,0,0
90737,0,1,1,0,0,0,1,0,1,1,0,0,1,0,0,1,1,1,1,1
63579,0,1,1,1,0,1,1,1,0,1,1,1,0,0,0,0,1,1,0,0
77698,1,1,0,0,0,0,1,0,0,1,1,1,1,1,0,0,0,1,0,1
98993,0,0,1,1,0,0,0,0,0,1,1,1,1,0,0,1,0,1,0,0
60863,0,1,1,1,1,0,0,0,0,1,0,0,0,1,1,1,0,1,0,0
36320,0,1,1,0,0,1,1,1,0,0,0,1,1,1,0,0,1,0,1,0
70543,1,0,0,1,1,1,1,1,0,1,1,1,0,1,1,1,0,0,1,0
64751,1,0,1,0,1,1,0,1,1,1,1,0,1,0,0,0,0,1,1,0
71655,1,0,1,1,1,0,0,1,0,0,1,0,1,1,1,0,1,1,0,0
89271,0,0,1,0,0,0,0,1,0,1,0,1,1,0,1,0,1,1,1,0
25692,1,0,1,1,1,1,1,1,0,0,0,1,0,1,0,0,1,1,0,0
54889,0,0,1,0,1,1,0,1,0,1,1,0,1,1,0,1,1,0,0,1
99918,1,1,0,1,1,1,1,1,1,0,0,1,1,0,0,0,1,1,1,1
19558,0,0,0,0,1,1,0,0,0,0,0,1,1,0,0,0,1,1,1,0
83235,1,0,1,1,1,0,0,1,0,0,0,0,0,0,0,1,0,0,1,1
15660,1,1,0,1,1,0,0,0,1,0,1,0,0,1,0,0,0,0,0,1
83456,1,0,1,1,1,0,0,0,1,1,0,0,1,1,0,1,1,1,1,1
46643,1,1,0,0,1,1,1,0,0,1,0,1,1,1,1,1,1,1,0,1
46061,0,1,1,0,0,1,0,1,1,0,0,0,0,1,0,0,0,0,0,1
28573,1,0,0,1,0,1,1,0,1,0,0,1,1,0,1,0,1,1,0,0
62856,0,1,0,0,1,1,0,0,0,0,1,1,0,0,0,1,0,0,1,1
17662,0,0,1,0,0,1,1,1,0,1,1,0,0,1,1,0,0,1,1,0
14664,1,0,1,0,0,1,1,0,1,1,1,0,1,1,0,1,1,0,0,1
18690,1,0,0,1,1,1,0,1,0,0,0,1,1,1,0,1,0,0,0,0
49733,0,0,1,0,1,0,1,1,1,1,0,0,0,0,1,1,1,0,1,0
42058,1,1,1,1,1,0,1,0,0,0,0,0,0,0,0,1,1,0,0,0
74568,1,1,0,0,1,1,0,0,0,0,1,1,0,0,0,1,0,0,0,1
19826,0,1,0,0,0,1,0,0,1,1,1,0,1,0,1,1,1,0,0,0
87945,0,0,0,0,0,0,1,1,0,0,0,0,1,1,0,1,1,0,0,0
28092,0,1,0,1,0,1,0,0,1,1,1,0,1,1,1,1,1,1,1,1
87334,1,0,0,1,0,0,1,1,1,1,1,1,0,1,0,1,1,0,1,1
39463,0,1,0,1,1,0,1,0,0,0,1,1,0,1,1,1,0,1,0,1
16748,1,0,1,0,1,0,1,1,1,0,0,0,1,0,0,0,0,0,0,0
24365,0,0,0,1,1,0,1,1,0,0,0,1,0,1,0,1,1,0,0,1
78454,1,0,0,1,0,1,0,0,0,1,0,1,0,1,1,0,1,1,1,1
97216,0,0,0,1,1,0,0,1,0,0,1,0,1,0,1,1,1,1,1,0
45261,0,0,1,0,1,1,0,1,0,1,1,0,1,0,1,0,1,0,0,1
99197,0,1,1,0,0,0,0,0,1,0,1,0,0,0,1,0,1,1,1,0
40051,1,0,1,0,1,0,0,0,1,1,0,1,1,1,1,1,1,1,0,0
55851,1,0,0,0,1,1,1,1,1,0,1,0,1,0,1,1,1,1,1,1
90884,0,1,0,1,0,0,0,0,0,0,1,0,1,1,0,0,1,0,0,0
94330,0,0,0,0,1,0,1,1,1,1,0,1,1,1,1,1,0,0,1,0
33910,0,1,1,1,0,1,0,0,0,1,0,1,1,1,1,1,0,0,0,0
56674,0,1,1,0,0,0,1,1,1,0,0,0,0,1,0,0,0,1,1,0
70768,1,1,1,1,1,0,0,0,1,1,1,1,0,0,0,0,0,0,1,1
29776,0,1,0,0,1,0,0,0,1,1,1,1,0,1,1,1,0,1,1,0
25975,0,0,0,1,0,1,1,1,1,1,0,1,1,1,0,1,1,0,1,1
93025,0,1,1,1,1,1,0,0,0,1,1,1,0,1,1,1,0,0,1,1
13737,1,0,0,0,1,0,1,1,0,1,0,1,1,0,1,1,1,1,1,1
72628,1,1,0,0,1,1,0,1,0,0,0,1,1,1,0,0,0,1,0,0
70735,1,0,0,1,1,0,1,0,1,0,1,0,1,1,1,1,1,1,1,0
30013,0,1,1,0,0,1,0,0,1,1,1,0,1,1,0,1,0,0,0,0
58748,0,0,1,1,1,0,1,0,1,0,1,0,1,0,1,0,1,1,1,0
80264,0,0,0,0,1,0,1,1,0,1,0,0,0,1,0,0,0,1,0,1
98144,1,0,1,1,0,0,0,1,0,1,1,1,1,1,0,0,1,1,0,0
11246,1,1,0,0,1,0,0,1,1,1,0,1,0,1,1,0,0,1,1,0
80483,1,0,0,1,0,0,0,1,0,1,1,1,0,0,1,1,0,1,1,0
38550,1,0,0,1,0,0,0,1,1,1,0,0,1,1,0,1,1,1,1,1
61740,0,1,1,0,0,0,0,1,1,1,1,0,0,1,1,1,1,0,1,0
80545,0,0,0,1,1,1,1,0,0,0,1,0,0,0,0,1,0,0,1,1
30106,1,0,0,0,0,1,0,0,1,1,1,0,0,0,0,0,1,1,0,0
42858,0,0,0,1,1,1,0,0,1,1,0,1,1,0,1,1,1,0,1,1
96697,1,0,0,1,0,1,0,0,1,1,1,0,1,0,0,1,0,1,0,1
86249,0,0,1,0,1,0,0,0,1,1,1,1,1,0,0,1,0,0,0,0
95243,1,0,1,1,0,1,0,0,0,1,1,1,0,0,0,1,0,0,1,1
23694,1,0,0,0,1,1,1,1,0,0,0,0,0,0,0,0,1,1,0,1
95169,0,0,1,0,0,0,0,0,0,0,1,1,0,1,0,0,0,0,1,1
24737,1,1,0,1,0,0,1,0,1,1,1,1,1,0,1,1,0,1,1,0
39034,0,1,0,1,0,1,1,1,0,1,0,1,1,1,1,1,0,0,0,1
18579,1,0,1,1,1,0,0,0,0,0,1,1,1,1,0,0,1,0,1,1
77502,1,1,0,1,0,1,1,1,1,0,1,0,1,1,1,0,1,1,1,1
79045,1,0,0,1,1,0,1,0,1,1,0,1,0,0,0,1,0,0,1,1
92619,1,1,1,1,0,1,0,1,0,0,1,1,0,1,1,0,0,0,1,1
31175,1,1,0,1,0,1,1,0,1,1,0,1,0,0,0,0,1,1,1,0
88719,1,1,1,1,0,0,1,0,1,1,1,0,1,0,0,1,0,0,1,0
31147,0,1,1,0,1,1,0,0,1,0,1,1,0,0,1,1,1,1,0,1
23244,0,0,1,0,0,1,0,0,1,1,1,1,1,1,1,0,0,1,0,0
21806,1,0,1,0,1,0,0,0,1,0,0,1,1,0,0,0,0,1,0,0
29899,1,0,0,0,1,1,0,0,1,0,0,1,1,1,0,0,0,0,1,0
46013,0,1,1,0,1,1,0,0,0,0,1,1,0,0,1,0,0,0,0,1
99778,0,1,0,0,1,0,1,0,0,0,0,0,1,1,0,0,1,1,0,0
40357,1,0,1,0,1,1,0,1,0,0,0,0,1,0,0,0,0,1,0,1
13050,1,1,0,0,0,0,1,1,0,0,0,0,0,0,0,1,1,1,1,0
54024,0,0,0,0,1,0,1,0,1,0,1,0,0,0,0,1,0,1,0,1
89370,0,0,1,0,0,1,0,1,0,1,1,1,1,0,0,1,0,0,0,1
37294,0,0,1,0,1,1,1,0,0,1,1,1,1,1,1,0,1,1,1,0
79427,0,0,0,1,0,1,1,1,1,1,1,0,0,0,0,0,1,0,0,0
10278,1,1,1,0,0,0,0,0,1,0,1,0,1,1,1,1,0,0,0,1
21337,0,0,0,0,1,1,0,0,0,1,1,1,0,1,1,1,1,1,0,0
65816,0,0,1,0,0,0,1,0,1,1,1,0,1,0,0,0,1,1,0,1
38156,1,1,0,1,1,0,1,0,1,1,1,1,1,1,0,1,1,1,0,0
56188,0,1,1,0,0,0,1,0,1,1,1,0,1,0,0,0,0,1,1,1
39182,1,0,0,0,0,1,0,1,0,0,0,0,1,1,1,1,0,0,1,1
96342,0,0,1,1,1,0,1,1,1,1,1,0,1,0,1,1,1,0,0,0
91222,1,1,0,0,1,0,1,0,0,0,1,1,0,1,1,1,1,0,1,1
97241,0,1,1,1,0,0,1,1,0,0,0,1,1,0,1,1,1,1,1,1
39308,1,0,0,0,0,0,0,0,0,0,1,1,0,1,1,0,0,0,1,1
39325,0,1,1,1,0,1,1,1,1,1,1,1,0,0,1,0,1,1,1,0
11480,1,1,0,0,1,0,0,1,1,1,0,0,0,1,0,0,1,1,1,0
90231,1,0,0,1,1,1,1,1,0,0,0,1,0,1,1,0,0,1,0,1
91123,0,0,0,0,0,1,0,0,0,1,1,1,1,1,0,0,0,1,1,0
13955,1,1,1,0,0,1,1,1,1,0,1,0,0,0,1,0,0,1,1,1
22600,0,1,0,0,1,0,0,0,0,1,0,1,0,0,1,0,0,0,0,0
94191,0,1,1,1,0,0,0,1,0,1,0,0,0,1,0,1,0,0,1,0
22786,0,0,0,1,1,0,0,1,0,1,0,1,1,1,1,0,0,1,1,1
48683,1,0,1,1,1,1,1,1,1,0,1,1,1,0,0,0,1,1,1,0
55103,1,0,0,0,0,0,1,1,0,1,1,0,0,1,1,1,1,0,1,0
34617,0,1,1,1,0,0,0,0,1,0,0,1,0,0,1,0,0,0,0,1
89416,0,1,0,1,1,1,0,0,0,1,0,0,0,0,1,1,0,0,0,1
29711,0,1,1,0,0,0,1,1,0,1,0,0,1,1,1,1,0,0,0,1
98911,0,1,1,1,0,1,1,1,1,1,1,1,1,1,1,1,1,0,0,1
19812,1,1,0,0,0,1,1,1,1,0,1,0,0,1,0,0,0,0,1,1
94448,0,1,0,1,1,1,1,1,0,1,0,0,1,0,1,0,0,1,1,1
43789,1,0,1,0,0,0,0,0,0,1,0,0,0,1,1,0,1,0,1,0
51736,1,1,1,0,0,0,1,1,0,1,0,0,0,0,1,1,1,0,1,0
90479,0,0,0,0,0,1,1,1,1,0,0,1,1,1,1,1,1,1,1,0
45248,0,0,0,1,0,1,0,1,1,0,0,1,1,1,0,0,1,0,1,0
19700,0,0,0,0,1,1,0,1,1,0,1,0,1,1,1,1,1,1,1,0
23981,0,0,0,1,1,1,0,0,0,1,0,1,0,1,0,1,0,0,1,1
45054,0,1,0,1,0,1,0,0,0,1,0,1,1,1,0,1,1,1,0,1
49273,1,1,1,0,0,1,1,1,1,0,0,0,0,1,1,0,0,1,1,1
19508,1,1,0,0,1,1,0,1,0,0,0,0,1,1,0,1,1,1,1,0
67327,1,0,0,1,0,1,1,0,1,0,0,1,1,1,0,1,0,0,1,1
27890,1,0,1,0,1,1,0,0,1,1,1,1,1,0,0,0,0,1,0,0
27320,0,1,0,1,0,1,0,1,0,1,1,0,1,1,0,0,1,0,0,0
92144,1,1,1,1,1,1,1,0,1,1,0,0,0,1,0,1,1,1,0,0
44181,1,1,1,0,1,0,1,0,1,0,0,0,0,0,0,1,1,1,1,0
78131,1,0,0,0,1,0,1,1,1,1,1,0,0,1,0,1,0,0,0,0
61200,0,0,0,0,0,0,0,0,0,1,0,0,0,0,0,0,1,1,1,0
56340,0,0,1,0,0,1,1,0,0,0,0,1,0,0,1,0,0,1,1,0
72893,1,1,0,1,0,0,0,0,1,0,0,0,0,1,1,1,0,1,1,0
92335,1,0,1,1,1,1,0,0,1,0,1,1,1,1,1,1,0,0,1,0
89053,1,0,0,0,1,0,1,1,1,0,0,0,1,1,0,1,0,0,0,0
43768,1,0,0,0,0,0,0,0,1,1,1,1,0,1,1,1,0,1,1,0
40282,1,0,1,0,1,1,1,0,1,0,0,0,0,1,1,1,0,1,0,0
53180,0,1,1,0,1,1,0,0,1,0,0,1,1,0,1,0,0,1,0,0
11348,0,1,1,1,0,0,1,1,1,0,1,0,1,0,0,1,0,1,0,0
31423,1,0,1,1,1,0,0,0,1,1,0,0,1,0,1,0,1,0,0,1
60136,1,1,0,1,1,0,1,1,1,0,0,0,1,0,1,1,1,0,0,1
40113,1,0,0,0,1,0,0,0,1,0,1,1,1,0,0,0,1,0,1,0
92238,0,0,0,1,1,1,1,0,1,1,1,0,1,1,0,0,1,1,0,1
94153,0,1,1,1,1,1,0,0,1,1,1,0,0,0,0,0,0,0,0,1
92528,0,0,0,0,1,0,1,1,1,0,0,0,1,1,1,1,0,0,0,1
65524,1,0,0,1,0,0,1,1,1,0,1,0,0,1,0,1,1,0,0,1
81237,1,1,1,1,1,0,0,0,0,1,0,0,1,0,1,1,1,1,1,0
24121,0,0,1,0,0,0,0,1,0,1,1,0,1,1,1,1,1,1,1,0
48542,0,1,1,0,0,0,0,1,1,0,0,0,0,1,0,0,0,1,1,1
86359,0,0,0,1,1,0,0,1,0,0,0,1,0,0,0,0,1,1,1,0
91940,1,0,1,0,1,1,1,0,0,0,1,0,0,0,0,0,0,1,1,0
93183,1,1,0,0,1,0,1,1,1,0,1,0,0,0,0,0,1,0,0,0
74531,0,0,1,0,0,1,0,1,1,1,1,0,0,1,1,0,1,1,1,0
65124,1,0,0,0,1,1,0,0,0,1,1,0,0,1,0,1,1,0,0,1
33722,1,1,1,1,0,1,1,1,0,0,1,1,0,0,0,0,1,0,1,1
24502,0,0,0,0,1,1,1,0,1,0,1,0,1,1,0,1,1,0,0,0
56833,0,0,1,0,1,1,0,1,1,0,1,0,0,0,1,1,1,1,0,1
52068,0,1,1,1,1,1,0,1,1,1,1,0,1,0,1,0,0,0,0,0
76910,1,0,1,0,0,1,0,0,0,0,1,0,0,1,1,0,0,1,0,1
87916,0,1,1,1,0,0,0,0,1,1,1,0,0,0,1,0,0,1,1,0
73231,1,0,1,1,1,0,0,0,1,1,1,1,0,0,0,1,1,0,1,0
97064,1,1,0,0,1,0,0,1,1,1,0,1,1,1,1,1,0,1,1,0
88918,1,1,0,1,0,1,0,0,1,0,0,1,1,0,1,0,0,1,1,0
76229,1,1,0,0,0,0,0,0,1,0,1,1,0,1,0,1,0,0,0,0
36760,1,1,1,1,1,0,0,0,0,0,1,0,0,1,1,0,0,1,0,0
22659,0,1,0,0,1,1,1,0,1,0,1,0,1,0,0,1,1,0,1,0
26264,1,1,0,1,1,0,0,1,0,1,1,0,0,0,0,0,0,1,1,0
62373,1,1,1,1,0,1,1,0,0,0,0,1,0,1,1,0,0,0,0,0
50296,0,1,1,1,1,0,0,1,1,1,0,0,0,1,1,0,0,1,1,0
97991,1,0,0,1,1,1,0,1,1,0,0,1,0,0,0,1,1,0,0,0
58251,1,0,0,1,0,1,1,1,0,0,1,0,1,0,1,1,0,0,0,0
22604,1,1,0,0,1,0,0,0,0,1,1,0,1,0,0,0,1,1,1,1
10618,1,0,0,1,1,1,0,1,0,0,1,0,0,1,0,1,0,1,1,0
70872,1,0,0,1,0,1,0,0,1,0,0,0,0,0,0,0,0,1,0,0
12530,1,1,1,0,1,1,0,0,1,1,0,0,0,0,0,1,0,0,0,0
79410,0,1,0,1,0,1,1,0,0,0,0,0,1,0,0,1,0,1,0,1
51985,0,1,1,0,0,0,1,1,1,0,0,1,0,1,0,0,1,0,0,0
33176,0,0,1,0,1,0,0,1,1,0,0,1,1,1,1,0,0,0,0,0
53404,1,1,1,0,1,0,0,0,1,0,0,1,0,1,0,1,0,0,1,0
27148,1,0,1,0,0,0,1,1,1,1,1,0,0,0,0,0,1,0,1,0
38177,1,1,1,0,0,0,0,1,1,1,1,0,1,0,1,1,1,0,0,1
64441,1,1,0,0,0,1,0,1,0,1,1,0,1,1,1,0,1,0,0,1
59388,0,1,0,1,0,1,1,1,1,0,0,1,0,1,1,0,0,1,0,1
43017,0,0,0,0,0,1,0,0,1,1,1,0,0,1,1,1,1,0,0,0
20254,0,0,1,0,1,1,1,0,1,0,1,0,1,0,1,1,1,1,0,0
59539,0,1,1,1,1,1,1,0,0,0,0,0,0,0,0,1,1,1,1,1
69511,1,1,0,0,1,0,0,0,0,0,1,0,1,1,1,0,1,1,1,1
18619,0,1,1,1,1,0,1,1,1,1,1,1,0,1,0,0,1,0,1,0
71815,1,0,0,1,0,0,0,0,0,1,0,0,1,1,1,0,0,0,0,1
17783,1,0,0,0,0,1,1,0,1,0,0,1,0,1,0,1,0,1,0,0
37125,1,0,1,1,0,0,0,0,1,0,0,0,1,0,1,0,1,0,0,1
39117,0,0,0,1,0,1,1,1,0,1,1,0,1,1,0,0,1,0,0,0
38178,1,1,0,1,0,0,0,0,0,1,1,1,1,0,0,1,1,0,0,0
61378,1,0,0,1,1,1,0,0,1,0,0,0,1,1,0,0,0,0,1,1
41463,0,0,1,0,1,0,1,0,0,1,1,0,0,1,1,0,0,1,1,1
85673,1,1,0,0,1,0,0,1,0,0,0,1,1,0,0,0,0,0,0,1
54907,0,0,1,0,0,0,0,1,0,1,0,0,1,0,1,1,1,0,0,0
11122,0,1,0,0,1,1,0,1,1,1,1,1,0,0,0,0,0,0,0,1
27888,0,0,0,1,0,0,1,0,0,1,0,1,0,0,0,1,1,1,0,0
23644,1,1,0,0,0,0,1,0,0,0,0,0,0,0,1,1,1,0,1,0
17884,0,0,0,1,0,0,1,1,1,0,1,0,0,1,1,1,0,0,0,0
88746,0,0,1,0,1,1,1,1,1,0,0,0,0,1,1,1,0,0,0,0
97543,1,1,0,0,1,1,1,1,0,1,1,1,1,0,0,0,0,0,0,1
21043,1,1,1,0,1,0,1,1,1,0,1,0,0,1,0,0,1,1,1,1
94408,1,1,0,1,1,0,1,0,1,1,0,1,0,1,1,0,1,1,0,1
50012,0,1,0,1,0,0,1,1,0,1,0,1,1,0,0,1,1,1,1,1
76447,0,1,1,0,0,0,1,0,0,0,0,1,1,1,0,0,0,0,0,0
56420,1,1,0,1,0,0,1,0,1,0,0,1,0,0,0,1,0,0,0,1
89696,1,1,1,1,0,1,1,0,1,0,1,0,0,1,1,0,0,0,0,0
73538,0,0,1,0,1,1,0,0,1,0,0,1,1,1,0,0,1,0,1,0
75999,1,0,1,0,0,1,0,0,1,0,0,0,1,1,1,1,1,0,0,1
51580,0,0,0,0,1,1,0,0,1,0,0,0,1,1,0,0,0,0,0,0
59144,1,1,0,1,0,0,1,1,0,0,1,1,0,0,0,1,0,1,0,1
33373,1,1,1,0,1,1,1,0,0,0,0,0,0,1,1,1,0,1,1,0
53135,1,0,1,0,0,0,1,1,0,0,1,1,0,1,1,1,0,0,1,0
51403,1,1,0,0,0,1,1,0,0,0,1,1,1,0,0,1,0,0,0,0
59523,1,0,1,1,0,1,1,0,1,1,1,1,1,1,1,1,0,0,0,1
81956,1,1,0,0,0,1,0,0,1,0,1,0,1,1,1,1,1,0,1,1
53911,1,1,0,1,0,1,1,0,0,0,1,0,1,0,0,1,0,0,1,1
28596,1,0,0,0,0,0,1,0,1,0,1,0,0,1,0,1,0,0,1,0
47654,1,0,0,0,0,0,0,0,1,0,0,0,1,1,0,0,0,1,0,1
96659,0,1,1,0,0,0,0,0,0,0,1,0,0,1,0,0,0,0,1,1
21751,0,0,1,0,1,1,1,0,0,0,1,0,0,1,0,0,0,1,0,1
86866,1,1,0,0,0,1,1,0,1,0,0,0,0,0,0,0,1,0,1,1
85384,0,1,1,1,0,0,0,0,0,1,1,0,1,1,1,1,0,0,0,1
90138,1,0,0,1,0,0,1,1,0,1,0,1,1,0,1,0,1,0,1,1
90188,0,1,0,1,1,0,1,1,0,1,0,0,0,1,1,0,1,0,1,0
96625,0,1,0,0,1,0,0,1,0,0,0,0,0,0,0,0,1,0,0,1
28142,0,0,0,0,0,0,1,1,1,1,1,0,0,0,0,0,1,1,0,0
93921,0,1,1,0,1,0,1,1,0,1,1,0,1,0,1,0,0,1,1,0
70214,1,1,1,0,0,0,1,1,0,0,1,1,1,1,0,1,1,0,0,1
82135,0,1,1,0,0,1,0,1,1,1,0,1,1,1,0,1,1,1,0,1
78704,1,0,0,1,1,1,0,0,1,0,1,1,0,1,0,0,1,0,1,0
80853,1,1,1,0,1,0,0,0,0,0,1,0,1,1,0,1,1,0,1,0
55239,0,0,1,1,1,1,0,0,1,0,1,0,0,0,0,0,1,1,0,1
43816,0,0,0,0,1,0,1,0,0,1,0,0,1,1,1,0,0,1,1,0
77181,0,1,1,1,1,0,0,0,0,1,0,1,0,0,0,1,0,1,1,0
29557,1,0,1,0,1,1,0,0,0,0,1,1,1,1,0,1,0,1,0,0
56858,0,0,0,1,0,1,1,0,1,1,1,0,0,0,0,1,1,1,1,1
20329,1,0,1,1,1,0,1,1,0,1,0,0,1,1,0,1,1,0,0,1
46349,0,1,1,1,1,0,1,0,1,1,0,1,0,0,1,1,1,1,0,1
29018,1,1,1,1,0,1,0,1,1,1,0,1,0,0,1,0,1,1,0,1
62578,1,0,0,0,0,0,0,1,0,0,1,1,0,0,1,0,0,1,0,1
83138,0,1,1,1,0,1,0,1,1,1,0,0,1,0,0,0,1,0,1,1
17890,1,0,1,0,0,1,1,1,0,0,1,1,0,0,1,0,0,0,0,0
31458,0,1,0,1,1,0,1,1,1,0,1,0,1,1,1,1,0,1,1,0
14009,0,0,1,0,0,0,0,0,0,1,0,1,0,0,0,1,0,0,0,0
49972,1,1,1,1,1,0,0,0,1,0,1,0,1,0,0,0,0,1,0,0
28259,0,1,0,0,0,0,0,1,1,1,0,1,0,0,0,0,1,1,1,0
31562,1,1,0,1,0,1,1,1,0,1,1,1,1,0,0,1,1,1,0,1
63921,1,0,0,0,1,0,0,1,0,1,1,0,1,0,0,0,1,0,1,1
88360,1,0,1,1,0,0,1,1,0,1,1,1,1,0,1,0,1,0,1,0
62694,1,0,1,1,0,0,0,0,0,1,0,0,1,0,0,0,1,0,1,1
97069,0,1,0,0,0,0,0,1,1,1,1,0,0,1,0,1,1,1,1,0
17281,0,1,1,1,1,1,0,1,1,0,0,0,0,0,0,0,0,0,1,0
43167,1,1,1,1,1,1,1,1,0,1,1,1,1,0,1,0,0,1,1,0
14549,1,1,0,0,1,1,1,0,1,0,0,1,0,1,1,0,1,0,0,1
48942,1,1,1,0,0,0,1,0,0,1,1,1,0,1,0,0,0,0,0,1
40376,0,1,0,0,1,0,0,1,1,0,0,0,1,0,1,1,0,1,0,0
73339,1,1,1,1,1,1,0,0,0,1,1,1,0,0,1,1,1,1,0,0
87861,0,1,0,1,1,1,0,0,1,0,1,1,1,0,0,1,0,0,0,0
80502,1,0,1,1,0,1,1,0,1,1,0,0,0,0,0,1,1,0,0,1
10712,0,0,1,1,1,0,1,0,1,0,0,0,1,1,1,0,1,1,0,0
59731,1,1,1,0,1,0,0,1,1,0,0,1,1,1,0,0,1,0,0,1
98133,0,1,1,0,0,1,0,1,0,0,0,1,0,1,1,1,0,1,1,0
38751,1,1,0,1,0,1,1,0,1,1,1,0,0,0,0,0,1,0,0,0
43704,1,1,0,1,1,1,1,0,0,1,1,1,1,0,1,0,1,0,1,0
82865,0,0,1,0,1,0,0,1,0,1,1,1,1,0,0,1,0,0,1,0
41384,1,0,0,1,0,0,1,0,1,0,1,1,1,1,1,0,0,1,0,1
66089,0,0,1,1,0,0,1,0,0,1,0,1,1,1,0,0,1,1,0,0
39818,0,1,1,0,0,0,1,1,0,0,1,1,0,0,0,1,0,1,1,0
44176,0,1,0,1,0,0,0,0,1,1,1,0,1,1,1,0,1,0,0,1
71803,0,1,1,1,1,1,0,1,0,1,1,1,0,0,0,0,1,1,0,0
68647,0,1,0,0,1,0,1,1,1,1,1,0,0,1,1,0,0,1,0,0
85089,1,0,0,0,0,1,0,1,0,1,1,0,1,1,1,1,1,0,1,1
11452,0,0,1,0,0,0,0,0,0,1,1,0,0,1,0,1,0,1,1,0
48478,0,0,0,1,0,1,0,1,0,0,1,0,0,0,0,0,1,0,1,0
98753,0,1,1,1,1,1,0,1,1,0,0,1,1,1,0,1,0,0,0,0
40201,1,0,0,1,0,1,0,1,0,0,1,0,0,1,0,0,1,1,1,1
22186,1,0,1,0,1,0,0,1,0,0,1,1,1,1,0,0,0,0,0,0
60942,1,0,0,0,1,1,1,1,0,0,0,1,0,0,0,1,1,1,0,0
62374,0,0,1,0,1,0,1,0,0,1,1,0,0,0,1,0,1,0,0,0
95083,0,1,1,0,0,0,1,0,1,1,1,1,0,0,1,0,0,0,1,0
56906,0,0,0,0,0,0,0,0,0,1,0,1,0,1,1,0,1,1,1,0
50207,1,1,0,1,1,1,0,1,0,1,1,1,1,0,1,0,1,0,1,1
75568,0,0,0,0,1,0,0,0,1,1,1,1,0,1,0,1,0,0,0,0
69008,0,1,0,0,0,0,1,1,0,0,0,0,1,1,0,0,0,0,0,1
43898,1,0,1,1,1,0,1,1,0,1,0,1,0,0,1,1,0,0,1,1
46385,1,1,0,0,0,1,1,0,0,0,0,0,0,1,0,0,0,0,0,0
47234,0,1,0,1,1,1,0,0,0,0,0,0,0,0,0,0,1,0,0,0
40819,1,0,0,1,0,1,1,1,1,0,1,1,0,0,0,1,0,1,1,0
88463,0,0,0,0,0,1,1,0,1,1,1,1,1,1,0,0,0,1,0,0
57389,0,1,0,1,0,0,0,1,1,1,1,1,0,0,1,1,0,1,0,1
90269,0,1,1,0,0,1,1,0,1,0,0,1,0,0,1,0,0,0,0,1
63081,0,1,0,1,0,1,0,0,0,0,1,1,0,1,0,0,1,1,1,0
68827,0,1,0,1,1,1,1,1,1,0,0,1,1,1,0,1,1,1,0,1
13102,0,0,1,0,0,0,1,0,1,1,1,0,1,0,0,0,0,1,1,0
27484,1,1,1,0,1,0,1,0,0,0,1,0,1,0,1,0,1,0,0,0
35721,1,0,0,0,0,1,0,0,1,1,1,0,1,1,1,0,0,0,1,0
25894,1,1,1,0,1,1,0,1,1,1,0,1,0,0,1,1,1,1,0,0
88316,1,0,1,1,1,1,0,0,1,1,0,0,0,1,0,1,1,0,1,0
51549,1,1,1,1,1,1,0,0,1,0,1,0,0,1,0,1,0,1,0,1
30385,0,1,0,1,0,1,0,1,1,1,1,0,0,0,1,1,1,1,1,0
63650,0,0,1,1,1,1,1,1,1,0,0,1,1,1,0,0,1,0,0,0
69041,1,0,0,1,1,0,1,0,0,1,1,0,1,1,0,0,0,0,0,0
19126,1,1,0,1,1,0,1,1,0,1,1,0,1,1,1,0,0,1,1,0
36337,0,1,0,1,1,0,0,1,1,0,1,0,0,0,0,0,1,0,0,0
85155,0,0,0,0,1,1,1,1,0,1,0,1,1,0,0,1,1,1,1,0
18913,1,1,1,1,1,0,0,0,0,0,1,0,0,1,0,0,0,0,1,1
65072,0,1,0,1,1,1,1,1,1,1,1,1,1,1,0,1,0,1,0,0
92888,0,1,1,1,1,0,1,1,1,1,1,1,1,1,0,0,1,1,1,1
60816,0,0,1,0,0,1,1,1,0,0,1,1,0,0,1,0,1,1,0,0
18081,0,1,1,1,1,1,1,0,1,1,1,1,0,1,0,0,1,1,0,0
10880,1,0,1,1,0,1,1,1,0,0,0,1,0,0,0,1,1,0,0,0
93130,1,0,1,1,1,0,0,1,1,1,1,0,0,1,1,1,0,1,0,1
62661,0,0,1,0,0,0,0,1,1,1,1,1,0,0,0,0,1,1,0,1
20950,0,0,1,1,1,1,1,1,1,0,1,0,0,1,0,1,0,0,0,1
35857,0,0,0,1,0,1,0,0,0,1,0,0,0,0,1,0,0,0,0,1
93937,0,0,1,0,0,0,1,0,1,1,1,1,1,1,1,0,0,1,1,1
37805,1,1,1,0,0,1,1,1,0,1,0,0,0,1,1,0,0,0,0,1
71318,0,1,0,1,0,1,1,1,0,1,0,1,1,0,1,1,0,1,1,1
46781,1,0,1,1,1,1,1,1,1,1,0,0,0,0,1,1,0,0,0,1
47229,1,0,0,0,0,0,1,0,1,0,0,1,0,1,1,0,0,1,1,0
31273,1,0,1,0,1,1,0,1,1,1,1,1,1,1,0,1,1,0,1,1
21078,0,1,1,0,0,1,1,0,1,0,0,0,1,0,0,0,1,1,1,0
92659,1,1,0,0,1,1,0,1,0,0,1,1,1,1,0,1,1,1,0,1
96089,1,0,0,0,0,0,1,0,0,0,0,0,0,0,0,1,1,1,0,0
95904,0,1,0,0,0,1,1,0,1,0,0,1,1,1,1,0,0,1,1,0
26547,0,0,0,1,1,1,0,0,1,1,1,0,1,0,1,1,1,0,0,0
21562,0,0,0,1,0,1,0,1,1,0,1,0,0,0,0,1,0,1,1,1
55146,0,1,0,1,0,0,0,0,1,1,0,1,0,0,1,0,0,0,0,0
43448,1,1,1,0,0,0,0,0,0,1,0,1,0,1,0,1,1,0,0,1
76937,0,0,0,1,0,1,1,0,1,0,0,1,1,1,1,1,0,1,0,0
66732,1,1,1,1,1,0,0,0,1,1,0,1,1,1,0,1,0,1,1,0
93743,1,1,1,0,1,1,1,1,1,0,0,1,1,0,1,1,1,1,1,1
38101,1,1,0,0,1,1,1,1,0,0,0,0,1,1,1,0,1,1,0,0
33087,0,0,0,1,1,0,1,1,1,1,0,1,1,1,0,1,0,0,0,0
90913,1,0,0,0,0,0,1,0,1,1,0,1,1,1,0,0,0,0,0,0
46313,0,1,1,0,1,0,0,0,1,0,0,0,0,1,0,1,1,0,0,1
60267,1,1,1,0,1,1,1,1,0,0,0,1,1,0,0,1,0,1,1,1
57026,1,1,1,0,0,0,1,0,1,1,1,1,0,0,0,1,0,0,0,1
10124,0,1,0,1,0,0,0,1,0,0,1,1,1,1,0,0,1,0,1,0
71592,1,0,1,1,0,0,0,1,0,1,0,0,1,1,0,1,1,0,1,0
15860,0,1,0,1,0,1,1,1,1,1,0,0,1,0,1,1,0,0,1,1
89524,1,1,1,1,0,1,1,0,1,1,0,1,0,1,0,0,0,1,1,0
27820,0,1,1,1,1,1,0,1,0,1,0,0,1,0,0,0,0,1,0,1
38792,0,1,1,1,0,1,1,0,1,0,0,1,0,0,0,1,0,0,0,1
42301,0,1,0,1,1,1,0,0,0,1,0,0,1,0,0,1,1,0,1,0
20917,0,0,0,0,1,1,0,1,1,0,1,1,0,0,0,0,0,0,0,1
66612,0,1,1,0,1,1,1,0,1,1,0,1,1,1,1,1,0,1,0,1
22532,0,0,0,1,1,1,1,1,0,0,0,1,1,0,1,1,0,0,1,1
12608,0,1,0,0,0,1,0,0,1,0,1,1,1,0,0,1,1,1,0,1
92158,1,1,0,1,0,0,1,1,1,0,0,0,1,0,1,1,1,0,0,0
23529,1,0,0,1,1,0,1,0,1,1,0,1,1,1,0,1,1,0,0,1
59653,1,1,0,1,0,0,1,1,0,1,1,0,1,0,1,0,0,1,0,0
12098,1,1,1,0,0,0,1,0,0,1,0,1,1,1,0,0,0,1,1,1
72427,0,0,0,0,0,1,0,1,1,0,1,0,0,1,0,0,1,1,1,1
85794,1,1,0,0,0,1,0,1,0,1,0,1,1,1,1,0,0,1,1,1
58654,0,1,1,0,1,1,0,1,1,0,1,0,1,1,1,1,1,0,1,1
99667,0,0,1,0,1,0,0,1,0,1,0,0,0,1,1,0,1,1,1,0
40055,1,0,0,0,0,0,1,1,0,1,1,1,1,1,1,1,0,0,0,1
94719,1,0,1,1,0,0,0,1,1,1,0,0,1,0,0,1,0,0,0,1
45721,1,0,1,1,1,0,1,0,0,1,0,1,1,0,0,1,1,1,1,0
38079,0,0,1,0,0,0,0,1,0,0,0,0,1,1,0,1,1,1,1,0
54477,1,1,0,0,0,0,1,0,1,1,0,0,1,1,0,0,0,1,1,0
17112,1,0,1,1,0,0,0,1,1,0,1,0,1,0,1,1,1,1,0,1
71425,0,0,0,0,1,0,1,1,1,1,0,1,0,1,1,0,1,1,1,1
77572,1,0,1,1,0,1,0,1,1,0,1,1,0,0,1,0,1,0,1,0
95161,0,0,0,0,0,0,0,0,1,0,1,0,1,1,0,0,1,1,0,0
44330,0,1,0,0,0,0,0,1,1,0,0,1,0,1,0,1,1,0,1,0
43775,1,0,0,0,1,0,0,0,1,0,1,1,1,0,0,1,0,0,1,1
75165,0,1,0,1,0,0,1,0,0,1,0,0,0,1,1,1,1,1,0,0
41381,0,1,0,1,0,1,0,0,1,0,0,1,0,0,1,1,1,1,1,0
64214,1,1,0,0,0,0,0,1,0,1,0,1,0,1,1,1,1,1,1,1
11640,1,1,1,0,1,1,0,1,1,0,0,1,0,1,1,1,0,1,1,0
94030,1,1,1,1,1,1,0,1,1,0,1,1,0,0,0,0,0,0,0,1
83270,1,1,0,1,0,1,1,1,1,0,0,1,0,0,1,0,0,0,0,1
83041,1,0,1,1,1,0,0,1,1,0,1,0,1,0,0,0,0,1,0,1
41851,0,0,1,1,1,0,0,1,0,1,0,0,0,1,0,1,1,0,1,1
85358,0,1,1,0,0,0,1,1,0,1,0,0,0,1,1,0,0,1,0,1
87927,0,0,1,1,1,1,1,0,0,1,1,0,0,1,1,0,1,0,0,1
64379,0,0,0,1,0,1,0,0,0,0,0,1,1,0,1,1,0,1,1,1
92867,1,0,1,0,0,1,0,1,0,1,1,0,1,1,1,1,0,0,0,1
45633,0,1,1,1,0,0,0,0,1,0,0,0,0,1,0,0,0,1,0,0
57988,0,1,1,0,0,1,1,1,1,1,0,0,0,0,1,1,1,1,1,0
41164,0,0,0,0,1,1,1,1,1,0,0,0,1,1,1,1,0,1,0,1
97695,0,1,1,0,0,1,0,1,1,0,1,1,0,1,1,1,1,0,0,0
80817,1,0,0,0,1,0,0,1,1,1,1,1,1,0,0,1,1,0,1,1
16188,0,1,1,0,0,0,0,0,1,1,1,1,1,0,1,1,1,1,1,0
50229,1,1,1,1,1,1,0,1,0,0,1,1,1,0,1,1,1,0,0,1
64234,0,1,0,1,0,1,1,0,0,0,0,0,1,1,0,1,1,0,1,1
59018,0,0,1,0,1,0,0,0,0,1,0,0,1,1,1,1,0,1,0,1
50744,0,1,0,0,1,0,0,0,0,1,0,0,1,1,1,0,0,1,0,1
53008,0,1,0,1,0,1,0,0,0,1,0,0,0,1,0,1,0,1,1,0
64038,1,1,0,1,1,1,1,0,1,1,0,0,1,0,0,0,0,0,0,0
44543,0,0,1,1,1,1,1,0,0,1,1,0,1,0,1,0,1,0,1,1
19197,0,0,1,1,0,0,0,1,1,0,1,1,0,1,0,0,1,1,0,0
10920,0,1,0,0,0,0,1,1,0,1,1,1,0,1,1,0,0,1,1,0
99404,0,0,0,1,0,1,1,1,0,0,1,1,1,1,1,0,0,0,1,1
16075,0,0,1,0,0,0,1,1,0,1,0,0,1,1,1,0,0,0,1,0
20742,0,0,0,1,1,1,0,0,0,1,1,1,1,1,0,1,1,1,0,1
25803,1,1,0,0,1,1,1,1,0,1,0,1,0,0,1,0,1,0,0,1
88109,1,0,0,1,1,1,0,1,1,0,1,1,1,1,0,1,1,1,1,1
15923,1,0,0,0,1,1,1,0,1,0,1,1,0,0,0,0,0,0,1,0
72418,1,1,1,1,1,0,0,0,1,0,1,1,1,1,0,0,0,0,0,1
84623,0,1,1,1,0,1,1,0,1,1,1,0,1,1,0,0,1,0,0,0
81812,0,0,0,0,1,0,0,0,1,0,0,1,0,1,1,0,1,0,0,1
65348,1,0,0,1,0,0,0,1,0,0,0,1,1,1,0,1,0,1,0,1
43967,0,0,1,0,1,1,0,0,1,1,1,0,1,0,0,1,1,0,0,0
22472,0,1,0,1,1,1,0,0,1,1,1,1,0,1,0,0,0,0,1,0
63926,1,0,1,1,1,1,1,0,1,0,1,0,0,0,1,0,1,1,0,0
43078,1,1,1,1,1,1,0,1,1,0,0,0,1,0,0,1,1,1,1,0
40274,1,0,1,0,1,1,1,0,0,0,1,0,1,1,1,0,1,0,1,1
55584,1,0,0,1,0,0,1,1,0,1,1,0,0,1,0,0,1,1,1,1
67738,0,0,1,1,1,1,0,0,1,1,0,0,0,0,1,0,0,0,1,1
94591,0,0,1,1,0,1,0,1,0,0,1,0,1,1,1,0,0,0,1,0
91953,0,0,0,1,0,1,1,1,1,0,0,0,1,0,1,0,0,0,1,0
22256,1,1,1,0,0,1,1,1,1,1,0,0,0,1,1,0,0,1,1,1
69831,0,1,1,1,0,1,0,1,1,0,1,0,1,0,1,0,0,1,0,1
45203,0,1,1,1,1,0,1,1,1,1,1,0,1,0,0,1,1,0,0,0
14779,1,0,0,1,0,1,0,1,0,1,1,0,1,0,1,1,1,1,1,1
38851,1,0,0,1,1,1,0,1,0,1,1,1,1,1,0,1,0,0,1,1
21147,1,0,0,0,1,0,0,0,1,0,0,1,1,1,0,0,0,1,0,1
83077,1,0,0,0,1,1,0,1,0,0,0,1,1,0,0,1,0,1,0,1
29482,0,1,0,1,1,1,1,0,1,1,0,1,0,1,1,1,1,1,1,0
44447,0,1,1,0,0,1,1,1,1,1,1,0,1,1,0,0,0,0,1,0
25654,0,1,0,0,1,1,1,1,1,1,1,0,0,1,0,1,0,1,0,1
21947,0,1,0,0,1,0,0,0,0,0,1,1,0,1,0,1,0,0,0,0
25399,1,1,1,0,1,1,0,0,0,1,1,0,1,0,1,0,1,1,1,0
84548,0,0,1,0,1,0,0,1,1,0,0,1,1,0,1,0,0,0,1,0
